HIP,RA_rad,Dec_rad,parallax,pmRA,pmDec,HpMag
88,0.0046977187,-0.8518927495,5.5,-18.36,-5.82,5.869
107,0.0058259401,-0.8785533522,6.01,7.88,11.4,5.6243
122,0.0069704752,-1.3450431269,15.02,-57.3,-177.06,4.9354
124,0.0070554113,1.0685395054,1.06,-3.14,-0.74,5.6725
145,0.0079585109,-0.0528394792,7.18,19.08,-9.66,5.0831
154,0.0085515013,-0.1049636029,7.55,48.39,-40.94,4.412
171,0.0094280686,0.4727135123,82.17,780.22,-917.75,5.8735
183,0.010174839,-0.5187196794,6.49,9.34,14.5,4.9895
194,0.0108906666,0.148101282,27.1,-94.1,-47.42,5.7806
301,0.0163168258,-0.3025697545,11.98,25.17,-9.16,4.5366
330,0.0184469447,1.087124832,0.84,-1.32,0.14,5.9712
343,0.0188903896,-0.2884835481,11.03,47.64,-61.36,5.9562
355,0.0196438507,-0.1834252794,1.56,-6.85,-12.02,5.0996
377,0.020453296,-1.246808384,5.7,29.62,-12.76,5.5635
379,0.0204957983,1.1722746136,10.79,95.93,23.2,5.8511
418,0.0222625887,1.0701305581,4.51,14.29,2.38,5.7814
443,0.0232816568,-0.0996204682,25.32,-6.54,87.85,4.7803
476,0.0248662722,0.2338092342,8.75,43.58,-5.96,5.7076
522,0.0275371614,-0.8565219731,38.89,575.29,-39.19,5.8163
531,0.0281090228,1.1204345102,3.76,10.46,0.1,5.5684
636,0.033950705,-0.3928470046,12.76,69.43,-34.97,5.9806
655,0.0351623685,-0.5851972696,10.53,-43.55,3.32,5.8385
677,0.0365914186,0.5077307372,33.62,137.46,-163.44,2.0371
729,0.0394399454,0.3178598033,11.44,140.02,-25.64,5.7323
746,0.0400036499,1.0323660584,59.58,523.5,-179.77,2.3579
761,0.0407985727,-0.488481072,12.91,70.11,-8.97,5.51
765,0.0410545044,-0.7984355691,22.62,121.52,-179.83,4.0452
813,0.0437920967,0.194531066,10.68,30.9,1.75,5.5212
814,0.0437982359,-1.435079479,12.81,-21.65,-20.34,5.453
841,0.0450325474,0.8041128323,2.65,5.49,0.28,5.1174
910,0.0491534227,-0.2699557081,53.34,-83.38,-270.17,5.0025
930,0.050499436,-0.4851976646,4.11,3.42,19.8,5.577
950,0.0511881892,-0.6131934379,47,169.83,114.56,5.3425
983,0.0530833957,-0.3130809591,5.24,55.37,-24.95,5.4056
1067,0.0577522202,0.2650040933,8.33,1.98,-9.28,2.7544
1074,0.0581447987,-1.4834255081,3.35,10.82,17.7,5.8488
1086,0.0589728807,0.7162085428,28.65,-123.2,-146.41,5.7891
1158,0.0630930868,-0.1357960054,5.6,62.62,4.37,5.1798
1168,0.0637123786,0.3526733959,8.86,90.76,1.24,4.8756
1170,0.0638814271,-0.3304377121,7.29,-26.15,-73.58,4.5262
1191,0.0650499709,-0.1670201683,9.63,23.85,-7.73,5.7506
1288,0.070452081,-0.5488419658,6.57,118.49,-26.92,5.811
1354,0.0739620228,1.0739568348,5.26,-6.06,-3.39,5.8988
1366,0.0745790627,0.67512266,10.56,-49.35,-17.65,4.6349
1372,0.0748339166,0.8368402598,2.91,3.8,-3.75,5.839
1473,0.0799728252,0.6420250772,24.2,-65.67,-42,4.5377
1493,0.0813190882,0.5500795044,6,57.77,-2.74,5.8849
1562,0.0847708677,-0.1540048781,11.88,-15.15,-37.11,3.7314
1599,0.0874056696,-1.1323281358,116.46,1707.42,1164.3,4.3442
1630,0.0890402984,0.5399283436,6.26,14.13,-1.05,5.8586
1645,0.0898745824,0.1429467985,8,-4.22,9.73,5.5386
1647,0.09010573,-1.215183946,10.25,-3.53,-0.1,5.496
1657,0.0905781345,0.5744092961,5.21,-29.84,-17.66,5.9028
1686,0.0921552686,0.6626788171,20.6,58.93,-38.56,5.2579
1708,0.0938970031,-0.505819023,9.87,32.76,-72.01,5.3382
1728,0.0949920703,-0.3500780092,3.7,61.91,-12.81,5.439
1921,0.105857436,0.9079189635,3.26,13.62,-3.92,5.5506
1960,0.1081732262,1.0791556346,4.65,13.9,-3.21,5.3941
1982,0.1095474647,0.9258410581,6.32,25.92,0.7,5.711
2006,0.1108441746,0.0338545643,6.94,-13.64,-12.63,5.9256
2021,0.1119339317,-1.3483547235,134.07,2219.54,324.09,2.9305
2072,0.1143275139,-0.7623582379,42,106.2,32.15,3.9946
2081,0.1146730467,-0.7383636553,38.5,233.05,-356.3,2.5512
2210,0.1218612649,-0.5760816055,7.22,-20.1,-49.94,4.9006
2219,0.1223799069,0.3122930731,6.17,115.36,19.88,5.0291
2225,0.1231609847,0.7748300066,11.54,85.12,-14.9,5.1998
2240,0.1240941832,-0.6966464565,8.68,137.17,-40.5,5.5259
2353,0.131070804,-0.0690678586,5.75,9.39,-12.88,5.8315
2355,0.1314331723,0.5192650427,15.93,43.31,-56.66,5.277
2377,0.1323478634,1.0468059678,4.24,16.26,-3.29,5.9511
2381,0.132548393,-0.4151739385,18.83,-26.03,13.93,5.2165
2383,0.1327886288,-0.8415052335,23.21,163.01,-87.67,5.7538
2472,0.1370705991,-0.851782839,18.88,140.49,19.25,4.7736
2484,0.1376309022,-1.0988258828,24.15,83.64,-54.82,4.3328
2487,0.1376887335,-1.0989544178,19.36,93.97,-46.32,4.5529
2497,0.1382599636,0.9222242701,8.56,-56,-13.06,5.7599
2505,0.1386313525,0.9515940891,8.64,41.2,-16.54,4.7078
2548,0.1413538488,0.1213955845,12.35,44.75,2.33,5.698
2568,0.1422007632,0.3542046816,12.5,136.01,-48.55,5.5464
2578,0.1428111478,-1.100105092,21.95,86.66,-50.33,5.092
2599,0.1439886828,1.0983668984,0.73,3.65,-2.07,4.2103
2661,0.146975711,-0.5158880293,6.06,-29.43,-29.84,5.7087
2711,0.1503612108,-0.9140844838,39.24,226.96,37.86,5.6755
2762,0.1537810343,-0.0627054549,47.05,408.34,-35.22,5.3209
2802,0.1557077205,-0.8377695699,28.72,46.82,-101.73,5.6144
2854,0.1576823162,0.945417869,6.08,22.56,-2.23,5.0536
2876,0.1590679989,1.0528911151,0.9,2.81,-0.92,5.8676
2900,0.1604591032,0.776470973,5.29,-36.31,31.96,5.2561
2903,0.1605202368,0.2658443569,3.14,0.85,-13.68,5.8347
2912,0.1609221868,0.5885137233,5.45,14.75,-3.51,4.3098
2920,0.1613169271,0.9406789123,5.5,17.38,-9.86,3.6112
2941,0.1628819708,-0.4322696466,64.93,1450.34,-19.38,5.7134
2942,0.1629865601,0.6178380104,3.85,-9.25,-3.73,5.5949
3031,0.1682424183,0.5115973496,19.91,-229.04,-253.11,4.4994
3083,0.1708886041,0.8614001871,1.56,8.57,-2.41,5.564
3092,0.1715947657,0.5386300044,30.91,114.45,-84.02,3.4328
3138,0.1742095995,0.3741735362,7.87,28.64,-28.29,5.5468
3179,0.1767427477,0.986763942,14.29,50.88,-32.13,2.4107
3231,0.1794195125,0.6886837342,9.19,-15.3,-2.48,5.4579
3245,0.1803198559,-0.8043351513,13.27,-28.2,1.8,4.7591
3277,0.1822634181,-0.9861364172,14.92,90.79,57.19,5.7683
3299,0.1835094319,1.1544936392,6.31,-11.32,-8.75,5.9967
3300,0.1835420378,0.8816101611,2.28,12.24,-6.58,4.7665
3330,0.1853173948,-1.1426344249,24.37,53.07,40.94,5.494
3405,0.1891677953,-1.0029202535,13.24,-5.07,16.51,4.37
3414,0.189665711,0.8207347381,18.63,-23.71,-36.84,5.0087
3419,0.1901847668,-0.3139268585,33.86,232.55,31.99,2.2061
3455,0.192815645,-0.1851667592,13.96,-8.96,-113.82,4.9349
3478,0.1938934471,0.8353837455,5.23,-39.26,8.75,5.6246
3504,0.1951497833,0.842721449,4.64,18.84,-7.18,4.4631
3505,0.1952177877,-0.3840829574,37.39,-66.33,80.97,5.3047
3544,0.1976006164,0.9637953977,10.12,-29.07,-4.91,5.4258
3572,0.1991937852,1.3087897052,10.75,-15.07,-22.17,5.677
3583,0.1996535933,-0.8299420367,65.97,183.99,78.81,5.9251
3607,0.2015585677,-0.3930842276,10.72,197.91,-12.73,5.6612
3632,0.2031109476,0.2701003875,4.2,-29.55,-44.22,5.38
3675,0.2051799231,0.2089845859,11.52,53.7,-35.38,5.6735
3693,0.2065590047,0.4235456253,17.24,-101.17,-81.77,4.2487
3717,0.2082179093,-0.3152312886,9.18,31.37,34.5,5.8552
3721,0.2084228222,1.3063368391,4.23,15.31,-6.66,5.4062
3741,0.2095159408,-0.3791287059,9.51,21.8,-9.35,5.5593
3765,0.2110781643,0.0922125302,134.14,757.11,-1141.33,5.8775
3781,0.2119933979,-1.3076592082,15.4,132.89,-34.29,5.2343
3786,0.21241351,0.1323867455,10.48,83.1,-49.58,4.5555
3801,0.2130751275,0.8895627557,7.92,30.84,-10.02,4.8742
3810,0.2137090075,0.2956785614,42.64,-2.87,-202.05,5.1781
3821,0.2141737695,1.0090891165,167.98,1086.59,-559.43,3.5835
3849,0.2156611497,-0.2366844002,11.75,105.11,-104.3,5.7503
3881,0.2173538326,0.7169630129,5.28,22.77,-18.35,4.4853
3885,0.2176650229,0.483636173,11.29,88.17,-10.15,5.6451
3909,0.2187278845,-0.1857688369,63.48,-226.91,-229.75,5.281
3949,0.2211570738,-0.8898896994,13.47,62.69,44.74,5.3218
3951,0.2213348386,1.1213318216,5.1,28.57,-12.28,5.4654
4104,0.2298453831,-0.4189824455,5.84,37.52,33.24,5.6191
4147,0.231291792,-0.0199704193,5.56,6.99,-15.66,4.8864
4151,0.2315673258,1.0668073226,53.35,-68.95,170.15,4.9069
4200,0.2340034755,-1.0973121199,4.58,74.61,0.73,5.6532
4267,0.2381807179,0.334901383,9.25,9.86,-7.75,5.7989
4283,0.239456481,1.4609708113,11.4,60.92,-9.09,5.6279
4288,0.2398387721,0.4123941779,26.33,135.43,-48.61,5.6173
4292,0.2399968177,1.029269471,9.93,-33.5,-40.82,4.9892
4293,0.2400045454,-1.2134746977,14.7,7.37,-43.69,5.6126
4346,0.2430664917,-0.1282300351,5.42,-8.23,-45.59,5.9961
4371,0.2444556266,-0.1966376379,5.92,-28.37,-8.22,5.4752
4422,0.2472557409,1.0329062001,16.32,-92.65,-45.5,4.7838
4427,0.2474368608,1.0597071908,5.94,25.17,-3.92,2.1379
4436,0.2476256935,0.671938763,25.14,153.48,36.49,3.9034
4440,0.247759729,1.0535304413,6.06,26.13,-3.79,5.5488
4463,0.2496131947,0.4087170143,14.2,-43.47,-45.73,4.5603
4510,0.2523563119,0.5060099684,5.03,5.24,-7.43,5.6103
4572,0.2553270338,1.1580578174,9.31,43.81,-13.62,5.9731
4577,0.2557158849,-0.5123844106,4.2,20.13,5.31,4.2628
4587,0.2562643417,-0.1986174046,10.2,-34.21,-14.59,5.7802
4675,0.2620573433,0.7803943873,8.4,13.85,-23.83,5.6834
4770,0.2674881021,-0.6792236559,6.35,66.99,49.28,5.7493
4852,0.2724442741,-0.5506870214,14.04,80.5,14.64,5.5405
4889,0.2740957131,0.5550903905,7.52,14.33,-30.25,5.4945
4890,0.2741033575,-0.8097863121,13.68,-1.9,11.26,5.5481
4906,0.2746461629,0.1377077463,17.94,-80.17,25.59,4.4267
4914,0.2750787768,-0.0844102372,9.78,-115.33,-102.01,5.5696
5021,0.2806743147,1.074778014,12.38,-80.06,-25.06,5.9575
5081,0.2840051721,0.2608569707,18.32,7.03,53.51,5.735
5131,0.2865923267,0.3747783248,11.86,44.49,-14.82,5.3425
5132,0.2866469009,0.3746431785,11.64,52.88,-11.88,5.5192
5164,0.2883523913,-0.1717293798,5.53,31.1,6.1,5.5908
5165,0.2883508108,-0.8153915713,0.12,-80.81,34.97,3.4646
5268,0.2936932886,-1.0781817138,10.72,73.8,-11.55,5.5032
5296,0.2956966118,-0.1707907963,21.21,149.2,17.27,5.8131
5300,0.2958206692,-0.7240836493,17.56,38.67,4.32,5.2617
5310,0.2964957896,0.3619694333,21.14,86.72,-82.75,5.6084
5317,0.2967582348,0.7669367868,16.96,161.3,-61.44,5.0821
5336,0.2976456257,0.9586086146,132.38,3422.23,-1598.93,5.2898
5346,0.2983308545,0.098614963,28.4,-242.32,-165.07,5.5927
5348,0.2983829537,-0.9642216752,10.92,20.87,30.64,3.9219
5361,0.2991383599,1.016889551,5.41,17.1,-12.94,5.7762
5364,0.2992704213,-0.1777081665,26.32,215.61,-139.02,3.6235
5372,0.2999173329,1.5054707132,11.64,80.65,-11.54,4.4059
5434,0.3032598396,0.8245253821,4.55,4.05,-12.43,4.235
5447,0.3042543513,0.6217007721,16.52,175.9,-112.2,2.1741
5454,0.3046475671,0.343103549,8.66,-6.04,8.75,5.7069
5493,0.3068032273,0.7344620687,19.13,-135.14,-42.25,5.7972
5494,0.3068470165,0.4443266141,8.28,0.23,-114.4,5.9332
5518,0.3082880844,1.2004145533,11.78,35.77,-27.17,5.3204
5542,0.3102272388,0.9625481678,24.42,226.77,-18.75,4.3873
5544,0.31028851,0.5484656247,6.79,-9.63,-12.63,5.225
5550,0.3105441835,0.6584104218,4.13,-14.94,-5.21,5.7691
5566,0.3116515578,1.1205489204,8.06,40.71,-19.44,5.5482
5571,0.3117735601,0.3671243468,8.5,39.32,-10.48,4.8317
5586,0.3126747653,0.5251648498,19.32,73.88,-38.3,4.6751
5589,0.3128043684,1.1347936206,8.4,23.65,-13.59,5.5562
5626,0.3153598728,1.3905731941,12.07,94.97,-5.14,5.6135
5737,0.3217079613,0.1322172321,18.76,145,-55.69,5.2849
5742,0.321790363,0.4290676311,7.31,17.5,-22.04,4.834
5778,0.3234421093,0.2815834316,7.17,-30.46,-26.53,5.9444
5799,0.3246288421,-0.1382911682,42.76,124.64,277.64,5.2444
5833,0.3264624149,-0.0170046407,23.3,-14.38,205.71,5.7987
5862,0.3280177346,-0.7946850105,66.16,665.13,177.63,5.0854
5896,0.3305577399,-1.2021171133,47.72,412.11,127.74,4.9639
5926,0.3324780873,1.2521663271,1.18,-0.95,-0.5,5.9673
5951,0.3342557638,-0.0436369432,12.41,-99.43,-63.55,5.5765
6061,0.3394653783,0.0630852841,13.28,-46.75,-21.61,5.1732
6193,0.3467371309,0.4758480839,10.59,22.98,-11.12,4.7736
6242,0.3494234739,1.0163334311,0.27,-0.59,-1.59,5.1132
6315,0.3539639691,0.5015795275,9.31,27.95,-75.41,5.3776
6411,0.3592755213,0.7946267037,15.21,31.45,8.83,5.0399
6502,0.3644078799,-0.5401009688,3.34,-15.17,-45.2,5.9239
6514,0.3651051169,0.6582507581,15.66,82.07,-20.46,5.6691
6537,0.3666246783,-0.1428159978,28.66,-77.94,-206.53,3.7757
6592,0.3694842577,-0.7241800192,13.84,17.32,-36.42,5.5784
6670,0.3735884014,-0.2547963315,11.34,42.94,-17.26,5.0612
6686,0.3744169753,1.0513061203,32.81,296.57,-49.22,2.7146
6692,0.3749479305,1.1890919,16.72,75.5,26.93,4.8899
6706,0.3763568871,0.3346201252,39.66,-26.89,11.12,5.4375
6732,0.3782744497,0.335811203,11.69,50.6,-57.87,5.6657
6748,0.3789950792,-0.2278795009,26.69,13.32,9.31,5.5926
6813,0.3824514652,0.7925008289,34.94,356.99,-109.4,4.9223
6867,0.3855680843,-0.7560369968,13.96,-18.06,-208.63,3.5329
6960,0.3909610427,-0.3775033158,14.01,56.11,3.54,5.1255
6999,0.3931428348,0.8204335015,11.09,0.06,-41.87,5.4338
7007,0.3934948878,0.1072318645,10.73,292,-45.95,4.9799
7078,0.3980455062,1.2263519142,34.51,138.01,-75.75,5.93
7083,0.3981518924,-0.8564867686,22.95,138.38,153.89,4.0987
7097,0.3991708965,0.2678352776,9.33,27.14,-2.64,3.7914
7118,0.4002077481,-0.5285367488,9.77,-4.51,-63.48,5.9572
7213,0.4055019591,-0.6434188032,11.85,1.39,-20.16,5.6515
7251,0.4076585803,1.0180042158,1.48,4.22,-4.23,5.8247
7276,0.4088966916,-0.1226118725,33.88,175.19,-82.3,5.886
7294,0.4098561104,1.0337951096,15.67,-43.03,-22.31,4.8477
7321,0.411359359,0.6499116995,6.97,13.58,-21.9,5.8861
7345,0.4128955503,-0.2736039727,16.84,94.84,-3.14,5.6475
7359,0.4137192024,0.3221995139,6.13,30.65,-66.04,5.9918
7450,0.4188031885,-0.2687844708,5.97,20.43,13.36,5.5783
7463,0.4194919951,-0.5219831959,14.42,117.37,46.72,5.7687
7513,0.422368004,0.7226777448,74.12,-173.33,-381.8,4.2118
7535,0.4236758649,0.2119093387,28.5,-77.29,9.13,5.6279
7568,0.4252625646,-1.4795094978,8.57,34.69,21.77,5.8263
7607,0.4275694742,0.848727197,18.41,61.95,-112.15,3.7515
7617,0.4281557086,1.0119007945,1.87,2.61,-6.3,5.7152
7650,0.4298557559,1.2747897398,7.12,-11.24,-13.53,5.4463
7679,0.4313659674,-0.3713270817,12.94,128.9,36.17,5.6627
7719,0.4334975376,0.7746840776,13.03,-19.78,15.4,5.1627
7751,0.4354046475,-0.9808129451,127.84,282.16,10.56,5.9046
7818,0.4388633437,0.7082041032,4.58,15.99,-23.76,4.9376
7825,0.4392092334,0.755688531,14.37,109.41,-31.97,5.6994
7884,0.4425796899,0.0957767696,8.98,-23.36,3.36,4.5914
7916,0.4439534529,-0.19763529,25.35,57.89,-413,5.8455
7918,0.4440783613,0.7437512372,78.5,791.47,-180.8,5.0839
7921,0.4441828112,-1.0609724034,8.97,13.68,-39.55,5.8647
7941,0.4452782343,-0.642844281,10.74,-29.47,-16.96,5.7106
7943,0.4453102087,0.6151546804,11.87,48.81,-25.49,5.6163
7955,0.4456876625,-0.5642100969,15.18,-71.07,-51.06,5.4202
7965,0.4465457099,1.1875751936,8.39,52.54,-10.04,5.5571
7978,0.4471788831,-0.9379499709,57.36,166.32,-106.52,5.6378
7981,0.4472369671,0.3537808657,132.76,-302.42,-678.88,5.3905
7999,0.4482236009,-0.0644046879,2.74,-10,-34.84,5.1677
8016,0.4491116874,1.2325961795,11.75,76.87,-14.03,5.1822
8046,0.4508576337,1.0568207884,3.12,14.29,-15.11,5.7809
8068,0.4523031868,0.8846858499,4.54,24.59,-14.01,3.9801
8102,0.4541584879,-0.2781977287,273.96,-1721.05,854.16,3.6295
8198,0.459864349,0.1598309944,11.67,72.98,39.3,4.4267
8209,0.4609599638,-0.4372474571,35.57,159.36,-73.17,5.3833
8230,0.4624588563,-0.1000636903,5.92,-10.36,-30.34,5.4934
8240,0.4629432053,-0.8869102328,5.14,42.43,-17.52,5.5513
8241,0.4629586851,-0.9341382719,16.12,126.95,59.63,5.0555
8362,0.4700800101,1.1144468558,99.33,582.03,-246.93,5.7673
8387,0.4720317621,0.2959315839,11.85,54.72,-33.6,5.853
8433,0.4742698661,0.5705391804,35.9,-166.85,297.38,5.9059
8497,0.4781613889,-0.1865090345,43.13,-148.11,-93.43,4.7411
8544,0.480589518,0.3887783069,5.57,-16.52,-8.25,5.9716
8593,0.4839273484,-0.8762622245,12.96,-48.27,-4.42,5.9906
8645,0.4863367693,-0.1803788229,13.88,40.8,-37.25,3.9067
8704,0.4886418172,0.9625037867,2.52,12.05,-9.18,5.469
8714,0.4893724382,0.8865027052,6.76,18.72,-28.63,5.6854
8778,0.4924801126,-0.2954689492,10.62,42.72,-51.3,5.8565
8796,0.49341184,0.5162578708,51.5,10.82,-234.24,3.521
8814,0.494317375,0.7108691109,5.17,-9.52,-3.53,5.5725
8832,0.4953655907,0.3367454416,19.88,79.2,-97.63,3.8584
8833,0.4954798082,0.0556319937,18.21,24.48,25.99,4.7687
8837,0.4958785616,-0.8081301415,9.54,-93.16,-91.17,4.4099
8882,0.4990231074,-0.7417104964,10.63,-33.91,-28.17,5.106
8886,0.4991411472,1.1112536973,7.92,32.09,-18.94,3.3107
8903,0.5002076818,0.3631733438,55.6,98.74,-110.41,2.7044
8928,0.5014923468,-1.1806712765,14.91,76.22,72.94,4.8442
8993,0.5054933093,0.4115022626,5.85,11.44,-10.05,5.9283
9007,0.5059151382,-0.9007572172,56.02,680.92,283.46,3.8511
9009,0.506145762,1.1987840251,4.65,14.96,-10.11,4.9527
9021,0.5068166981,0.6501666319,10.31,184.18,11.47,5.8529
9061,0.5090659014,-0.3931652872,9.24,63.33,-30.1,5.0531
9095,0.511235495,-0.827029486,13.14,104.29,10.54,4.9864
9110,0.5120384029,0.310975596,6.27,34.76,-22.95,5.2589
9132,0.5136893319,0.4852804893,7.13,13.29,-59.67,5.9114
9153,0.5145649062,0.4118295652,25.32,-92.55,-13.25,4.8582
9222,0.5173082961,0.8587762051,13.33,6.67,41.74,5.8612
9236,0.5182080074,-1.0745979068,45.43,263.66,26.77,2.9305
9312,0.5219981263,1.1278603663,13.28,35.39,-15.73,5.2961
9313,0.5220610176,-0.7335669349,11.12,-49.15,-99.65,5.7343
9326,0.5225943613,-0.3634574097,5.54,19.6,14.97,5.5194
9347,0.5236151246,-0.3678765214,11.14,134.92,-24.59,4.1012
9372,0.5255456833,-0.1487688292,6.85,86.13,-19.57,5.3545
9440,0.5290381224,-0.523626099,11.08,-109.37,-109.19,5.5008
9459,0.5310456845,-0.7803958856,8.69,-31.43,-47.73,5.2658
9480,0.5321472281,1.2375614198,28.36,-55.69,-8.71,4.5498
9487,0.5325290992,0.0482367341,21.66,32.45,0.04,3.8281
9505,0.5336398166,0.9509871361,4.48,34.32,-3.27,4.9807
9570,0.5365408962,0.580918028,8.33,-15.97,-7.22,5.5314
9573,0.5367024631,1.1238179044,1.86,-0.88,-2.35,5.6907
9589,0.5375327387,0.0022419461,11.61,76.15,21.69,5.4819
9598,0.5385933599,1.2639890797,20.76,-43.57,22.3,3.9602
9621,0.5395439898,0.4526589714,20.53,128.01,11.19,5.7591
9622,0.5396328585,-0.0716172156,6.02,8.31,-61.68,5.7274
9640,0.5406098378,0.7387952238,8.3,42.32,-49.3,2.2409
9677,0.5431922819,-0.5113263085,8.79,12.79,8.48,4.6405
9727,0.5459283365,1.3488158617,30.16,139.92,-47.79,5.3539
9763,0.5477117959,1.3284592824,8.15,-11.97,-20.63,5.3823
9836,0.5522449074,0.3952892244,17.96,17.86,-37.55,5.0756
9884,0.5548900421,0.4095027186,49.56,188.55,-148.08,2.1726
9977,0.5606249131,0.6607674026,17.04,154.36,-42.76,4.8326
9990,0.5614564742,1.0196842691,0.96,-1.37,-1.65,5.8124
10035,0.5635472847,-0.7595056963,6.26,-48.6,-51.92,5.9989
10053,0.5647075481,0.4527379472,11.3,70.46,-34.99,5.0654
10064,0.5652336717,0.6106451889,25.71,149.16,-39.1,3.0625
10155,0.569962141,0.34034625,5.84,87.88,-27.82,5.7378
10212,0.573134309,0.1495761601,24.56,-142.05,-114.54,5.757
10280,0.5775820986,0.528890868,11.22,-65.05,-60.5,5.0791
10305,0.5794000833,-0.0417737515,25.19,378.17,-70.63,5.7721
10306,0.5794481401,0.3702014879,34.64,163.49,5.22,5.3294
10320,0.5799190998,-0.5362322111,10.18,14.1,6.85,5.2714
10324,0.5803227759,0.1544049601,8.51,-26.87,-17.23,4.5172
10328,0.5805579719,0.2666847491,6.81,97.95,-20.3,5.8196
10340,0.5812921524,0.7719886102,6.15,-20.9,-14.46,4.9716
10366,0.5829413872,0.8912738982,15.39,347.28,-172.26,5.4642
10418,0.5857399597,-1.1840584493,4.2,26.01,45.05,5.6677
10513,0.5911254446,-1.1823966016,6.68,43.47,-13.16,5.828
10535,0.5921636272,0.4370872595,19.58,-89.72,-86.42,5.6885
10540,0.5923891684,0.4499999666,23.75,175.98,-66.49,5.888
10559,0.5931425134,0.5822239643,11.62,-14.07,-33.21,5.258
10602,0.5956299907,-0.8990559484,21.22,91.03,-22.23,3.5211
10642,0.5977017863,-0.1120825358,9.8,92.04,-108.21,5.6658
10644,0.5979510776,0.597335962,92.73,1151.83,-246.89,4.9831
10670,0.5991450381,0.5907471917,29.04,44.64,-52.57,4.0211
10718,0.6021255778,1.0105422892,7.94,60.83,4.88,5.9172
10723,0.6022277722,0.0306636837,41.06,366.69,370.63,5.7237
10732,0.6026873937,0.3473407856,7.29,-13.19,0.72,5.5924
10793,0.6062829348,0.4999089688,8.66,6.63,0,5.3089
10819,0.607727112,0.826936792,13.27,-60.03,-5.61,5.3248
10826,0.6080135631,-0.0519595123,10.91,9.33,-237.36,4.9898
10871,0.6104468482,-0.9764216868,5.29,23.1,18.54,5.926
10944,0.615095689,0.875309526,8.31,38.72,-31.9,5.5474
11001,0.6185027212,-1.1983330069,23.35,-49.95,2.48,4.098
11021,0.619347182,0.0069061267,3.03,-12.73,-7.58,5.3733
11029,0.619696641,-0.1880999692,33.72,153.14,-84.29,5.5187
11046,0.6204941329,-0.0154416299,12.48,-17.71,-46.31,5.5043
11060,0.6211506243,0.9746905757,1,0.86,-1.78,5.2722
11072,0.6219496095,-0.41567312,45.53,196.61,-4.98,5.3187
11090,0.6232543156,0.7225058301,21.27,-73.93,-97.5,5.8827
11102,0.6235664586,-0.8917286678,16.43,22.15,65.77,5.9685
11220,0.6301288686,0.8727803938,8.17,24.35,-37.1,5.3524
11249,0.6318851567,0.1851898716,3.74,20.09,-14.79,5.4559
11258,0.6322451268,-1.052636504,20.25,-71.69,-131.28,5.4522
11313,0.6354017315,0.8775282617,8.83,24.66,-15.13,4.851
11345,0.636827908,-0.2145088552,7.15,-11.28,-9.48,4.8772
11348,0.6370725287,-0.2677529609,12.98,-47.1,-56.6,5.9217
11407,0.6413434159,-0.8325888425,6.42,19.32,-5.54,4.2002
11432,0.6434293054,0.5550382415,11.73,-24.33,-28.51,5.713
11477,0.6458947269,-0.5901141943,21.46,18.99,5.13,5.1641
11484,0.6464639924,0.1476564024,16.89,41.8,-13.55,4.2725
11486,0.6464983391,0.5178311304,20.07,-15.34,-85.95,5.3697
11569,0.6504251761,1.1763935256,24.55,-26.61,38.21,4.5135
11670,0.6568484206,0.440437572,19.32,62.71,-73.04,5.9694
11738,0.66104944,0.0395702167,7.1,21.22,-10.03,5.4248
11757,0.6617794504,-1.3807168701,11.49,137.24,-54.22,5.4354
11767,0.6622851337,1.5579531082,7.54,44.48,-11.85,2.1077
11783,0.6636088945,-0.2660635556,37.46,-80.21,-146.29,4.8432
11784,0.6636713293,0.6308882042,7.53,46.62,16.26,5.2802
11791,0.6639113515,-0.0180609721,12.28,-24.72,-32.08,5.5288
11918,0.6712763502,-0.4927472916,6.74,-13.24,-1.79,4.9548
12002,0.6750489763,-0.1371704628,7.11,57.16,-65.41,5.8935
12072,0.6791325009,0.6512223223,5.23,-1.04,-13.68,5.869
12086,0.6797184056,0.6054142993,5.16,25.74,-50.66,5.5064
12093,0.6801321877,0.097621526,9.59,-26.51,-22.32,5.0189
12107,0.680683364,-0.1366846392,7.01,-34.97,-59.99,5.6141
12114,0.6809571149,0.1201373727,139.27,1807.78,1444.02,5.9524
12122,0.6813530091,-0.5243835388,5.6,-17.45,-6.18,5.9055
12148,0.6832312172,0.1349153073,11.02,-57,-18.3,5.9767
12153,0.6834235733,0.217255902,28.79,282.19,-86.84,5.7528
12186,0.6849414359,-0.603488524,38.79,-18.35,-259.35,5.9086
12225,0.6868063229,-0.917049891,21.95,112.7,3.73,5.3735
12239,0.6876602194,1.1474729596,3.53,42.91,-8.91,5.9255
12247,0.6880798823,-0.0592725674,10.81,40.18,-42.91,5.8154
12273,0.6895569131,1.2709175974,12.75,-28.51,16.08,5.3275
12288,0.6907573691,-0.5269826719,29.46,97.59,-74.25,5.9386
12332,0.6929683585,0.3832995174,9.68,-7.47,-15.9,5.5071
12387,0.695873557,0.0057336988,5.02,12.85,-2.94,4.0081
12390,0.6962214515,-0.2071981974,46.55,161.62,-230.53,4.9262
12394,0.6963299159,-1.1914830047,21.48,87.3,0.09,4.0933
12413,0.6972531912,-0.7486002179,28.02,88.2,-17.82,4.7613
12444,0.6990409927,-0.1649804538,45.96,-138.88,-79.97,5.904
12484,0.7010100259,-0.9520757836,20.37,32.86,4.96,5.3052
12486,0.7010356176,-0.6956063706,21.65,135.92,-27.53,4.2751
12489,0.7011157169,0.4723037038,14.09,64.83,-26.05,5.3318
12530,0.7035037436,-0.0121361122,44.27,216.51,-129.33,5.8383
12623,0.7079440019,0.701524396,41.34,-17.2,-183.3,5.024
12640,0.7084526045,0.3492679114,8.56,27.68,-47.64,5.7472
12653,0.7092696982,-0.8866416903,58.25,332.82,218.74,5.518
12692,0.7114254947,0.9617823814,7.56,34.81,-21.97,5.7279
12706,0.7125397178,0.0564818484,40.97,-146.1,-146.12,3.5001
12719,0.7131932007,0.4835813527,9.51,2.06,-10.37,4.6112
12768,0.7159600981,0.7731294586,3.32,2.77,-6.38,5.59
12770,0.7161198247,-0.2418795264,8.3,-8.62,-9.07,4.2067
12777,0.7164349764,0.8592023127,89.87,334.66,-89.99,4.2097
12803,0.7179827266,0.267243063,5.49,3.25,-14.87,5.7767
12821,0.7191971122,1.1837644893,7.89,17.99,-32.75,5.9966
12828,0.7196845878,0.1765264478,38.8,282.7,-32.53,4.3439
12832,0.7197670551,0.2172230984,27.52,120.49,-85.78,5.242
12843,0.7203832993,-0.3241538951,70.32,334.2,37.19,4.5718
12871,0.7219447256,-1.1118538234,17.86,19.42,-8.61,5.9002
12876,0.7223141551,-1.1801344628,11.47,66.41,43.38,4.8551
13055,0.7321390797,1.4215473896,7.51,16.98,-77.24,5.9888
13061,0.7326340595,0.5104638392,19.01,149.47,-127.05,4.6868
13108,0.7353699769,0.3191137313,7.06,42,-32.35,5.9902
13121,0.7363739979,0.4396148134,8.21,54.41,-3.69,5.892
13141,0.7375010199,-1.0961818266,19.82,94.02,29.1,5.2973
13147,0.7377913574,-0.5655963496,18.89,86.01,158.81,4.6193
13165,0.7386784373,0.3048103131,4.18,2.6,-14.1,5.2433
13202,0.7413395872,-0.4876805228,7.11,46.92,21.85,5.4
13209,0.7416914391,0.4757905498,19.69,66.81,-116.52,3.5831
13244,0.7438401768,-1.3101642335,9.61,-33.01,-27.3,4.9107
13254,0.7443039667,0.6687911179,27.01,195.77,-109.98,4.3081
13265,0.744703188,-0.622658719,7.1,4.52,-54.79,5.6391
13268,0.7448041834,0.9755610262,3.71,16.23,-13.54,3.896
13288,0.7462988561,-0.3665885926,17.45,-38.52,-16.05,4.9284
13327,0.7482784923,0.2632327741,6.6,30.13,-23.68,5.4946
13328,0.7483703376,0.6119105861,6.98,9.63,-63.68,4.6674
13490,0.7579512643,0.6691187219,14.15,46.79,-78.9,5.4318
13531,0.7603426742,0.9208791633,12.83,-1.26,-4.37,4.0759
13654,0.7671087695,0.3199481056,9.28,-7.78,-14.98,5.4449
13665,0.7677080241,1.0737451068,37.44,145.48,30.31,5.6858
13701,0.7698068323,-0.1552925886,23.89,77.36,-220.16,4.0583
13702,0.769834363,0.3145720505,28.29,281.75,-218.9,5.6882
13717,0.7706679595,-0.0647903652,17.49,-37.8,-43.24,5.2017
13775,0.7735648633,0.5573585808,10.2,2.55,-31.15,5.1062
13782,0.7740317975,-0.4164718059,20.97,102.29,-36.85,5.5093
13834,0.7770406048,0.3607387951,30.15,235.57,-30.09,5.8888
13835,0.7770851521,-0.4120048385,4.92,71.12,52.14,5.9692
13847,0.7778143958,-0.7034503238,20.23,-52.89,21.98,2.9378
13874,0.7797326495,-0.0485676904,9.04,-29.52,-63.82,5.2375
13879,0.7799913092,0.6922469268,10.53,25.65,-41.62,4.7156
13884,0.7801451628,-1.1182550943,11.07,22.76,5.18,5.021
13905,0.7813046201,0.6140611876,8.86,-46.22,6.57,5.1039
13914,0.78196088,0.3724610305,9.81,-13.74,-5.12,4.6513
13942,0.7836575953,-0.4411204259,30.66,181.15,83.44,5.7905
13951,0.7840282587,-0.0430206378,9,-6.05,-22.22,5.5407
13954,0.7841543489,0.1554634808,5.66,6.01,-17.7,4.6767
13965,0.7846551389,0.8241556212,6.39,10.73,20.78,5.6282
14043,0.7891930992,0.9137112337,7.11,30.21,-28.38,5.2569
14060,0.7904862798,-0.1337417251,10.07,101.02,-69.97,5.9196
14109,0.7936994072,0.4618549911,15.54,-15.08,4.66,5.959
14131,0.7952445391,-1.2549352884,6.34,27.19,16.82,5.4682
14135,0.7953450247,0.0713826671,13.09,-10.41,-76.85,2.6196
14143,0.795761645,0.0759719214,5.93,17.09,6.89,5.5921
14146,0.7958405515,-0.4123224482,36.8,-147.25,-55.28,4.1328
14168,0.7971980099,-0.1341366447,12.32,49.3,-5.42,5.4804
14187,0.7981857275,-0.8198691565,3.85,25.72,2.35,5.9706
14240,0.8011718486,-1.0426181562,23.04,-73.29,-64.06,5.2076
14293,0.8040497198,-0.1326607233,24.06,67.56,17.43,5.3168
14328,0.8063268603,0.9338637261,13.41,0.51,-5.92,3.0586
14354,0.8079781482,0.6778951858,10.6,129.22,-105.7,3.2889
14376,0.8091555316,0.440786371,6.05,1.44,-10.26,5.4449
14382,0.8095728461,0.9896985174,15.45,-12.72,70.04,4.9311
14417,0.8121563793,1.3861144888,4.72,-35.68,10.21,5.5816
14439,0.8133007161,0.2301635986,10.41,-0.58,-63.01,5.8111
14456,0.814013427,-0.1062651083,7.15,7.36,-5.62,5.2905
14502,0.8173243675,1.118016062,5.27,-14.25,-3.26,5.8888
14521,0.8182612805,-1.3786255086,12.07,80.8,73.64,5.7475
14576,0.8210414333,0.7148109521,36.27,2.99,-1.66,2.0969
14632,0.8248777536,0.8659189314,94.87,1262.41,-91.5,4.1758
14668,0.8268227679,0.7829178619,28.93,172.99,-143.4,3.9564
14677,0.8273389783,0.5074913467,3.09,22.72,-12.43,5.7816
14764,0.8318512155,0.2072175706,7.33,29.34,-28.15,5.9569
14817,0.8346601901,0.6913523288,11.32,-26.26,5.4,4.7813
14838,0.8361341309,0.3442958275,19.22,153.33,-8.28,4.5117
14844,0.8365110296,1.4219321677,16.08,-45.51,-0.37,5.9698
14862,0.8374845034,1.2984179511,19.72,14.07,-86.75,4.864
14879,0.8380692937,-0.5059553529,70.24,370.87,611.33,3.9821
14893,0.8387934988,0.4757246229,6.49,12.39,-18.57,5.7499
14915,0.8396757152,0.116254391,4.33,-8.09,-0.94,5.6781
14930,0.8401680441,-1.0004503349,3.11,18.44,13.2,5.7328
14954,0.8411267932,-0.0208729619,44.29,194.56,-69.01,5.1852
15110,0.8504200195,0.3672980589,12.44,-27.83,-74.59,4.8803
15154,0.8523350015,0.5333145853,6.26,-15.93,5.7,5.62
15192,0.8543366816,0.9972920469,1.14,-1.02,-3.01,5.9277
15197,0.8544860597,-0.1539352543,29.72,-0.35,46.1,4.8647
15201,0.855019197,-1.3506859583,33.66,113.72,62.1,5.612
15219,0.856098884,0.8890307718,4.13,-1.73,-18.51,5.2076
15305,0.8615092127,-0.8334250433,6.37,-7.62,29.94,5.9976
15330,0.8628085483,-1.0921729248,83.28,1337.57,649.12,5.6405
15334,0.8629007694,0.6856249157,6.52,22.63,-17.74,5.997
15338,0.8630167163,0.7683826289,4.46,26.07,-24.47,5.4716
15371,0.864747888,-1.090969282,83.11,1330.74,647.11,5.3533
15382,0.865544903,-0.3928936651,12.77,13.08,13.33,5.0241
15383,0.8655581352,-0.0162340285,14.89,253.18,-60.32,5.5554
15404,0.8666811163,0.8765433664,5.12,22.41,-24.58,5.143
15411,0.86692485,-0.3239268261,27.05,125.78,-62.51,5.8156
15416,0.8671249433,0.5972983332,2.77,2.75,-8.87,4.9927
15444,0.8688553359,0.8743231719,5.82,22.46,-24.8,5.0299
15457,0.86986766,0.0588170859,109.41,269.3,93.75,4.9768
15474,0.8705534791,-0.3797477351,10.71,51.89,32.92,3.7303
15479,0.8708395327,-0.4210230983,3.34,5.47,-23.75,5.7006
15510,0.8721719177,-0.7517403453,165.47,3038.34,726.58,4.395
15520,0.8726105756,1.1458492697,4.28,11.25,-14.56,4.6984
15547,0.8740885456,1.3567299772,12.32,64.6,-65.31,5.5101
15549,0.8741457019,0.5069919343,6.01,-7.71,-16.91,4.5975
15619,0.8775203234,0.0641527481,10.11,55.04,-25.12,5.85
15627,0.8780177684,0.3690872289,6.41,20.98,-21.8,5.2753
15643,0.8787751368,-0.4125101306,8.89,-26.51,-17.91,5.6537
15648,0.8789628686,0.7562450856,21.66,-60.41,-0.81,4.9814
15696,0.8822559728,0.4818431079,3.69,4.6,-11.62,5.7153
15737,0.8846835626,0.3620180297,10.27,-51.59,-16.06,5.2483
15770,0.8867128174,0.8589346474,6.02,21.4,-25.84,5.301
15861,0.8914607133,0.4315184817,15.68,15.22,-52.36,5.6727
15876,0.892276249,0.5853139264,7.49,31.97,-23.05,5.7849
15890,0.8930676221,1.1272382767,1.59,-2.86,-0.87,5.1901
15900,0.8936694857,0.1575869018,11.21,-67.04,-78.04,3.77
16083,0.9039438917,0.1698689221,15.6,50.58,-39.54,3.7082
16112,0.9056343097,-0.6227568485,7.17,76.79,6.06,5.8699
16142,0.9076401527,-0.1969863588,10.24,-0.77,-44.84,5.9077
16147,0.907793025,0.856309696,6.22,22.59,-26.85,4.962
16168,0.9090751057,0.5900556301,8.53,28.49,-57.51,5.7403
16210,0.9113750784,0.8700195085,6.22,22.1,-26.46,5.5651
16228,0.9122352084,1.0461561949,1.68,-2.24,-0.9,4.3087
16244,0.913536619,0.8640953963,6.05,22.2,-29.49,4.6446
16245,0.9135479731,-1.098482904,46.12,382.84,373.05,4.8043
16263,0.914554168,-0.2212160969,7.8,7.93,4.74,5.6327
16281,0.9159157862,1.027628091,1.3,-1.79,-1.09,4.671
16285,0.9159484155,-0.7441080842,15.28,-59.76,-1.52,5.822
16290,0.9162197339,-1.3674966235,10.17,-11.14,-27.14,5.8435
16292,0.9163146138,0.9678171294,16.42,-46.08,-11.07,5.114
16322,0.9180777948,0.197858919,9.03,-14.68,-16.46,5.132
16335,0.9188054842,0.837673776,9.07,3.56,18.48,4.4945
16340,0.9189836445,0.839567159,3.65,22.78,-23.76,5.8208
16341,0.9189922018,-0.0885783078,8.07,14.23,7.27,4.71
16368,0.9200563168,-1.1604645017,3.76,16.98,1.42,5.7993
16369,0.9201060924,0.225787686,9.53,18.25,-1.92,4.3077
16470,0.9256485346,0.8381687839,5.39,24.45,-24.03,5.4409
16489,0.9264582417,1.4819828628,9.7,62.1,-134.17,5.7765
16499,0.9269373909,0.8038470452,27.53,-52.11,-75.26,5.3971
16509,0.9275491611,-0.8792767795,10.44,93.66,83.71,5.835
16511,0.9276373909,0.1635994422,9.31,31.25,-48.54,5.7437
16518,0.9279349669,0.6189237805,1.48,-8.28,3.44,5.8846
16537,0.9291276019,-0.165078582,310.94,-975.17,19.49,3.8652
16591,0.9319347176,0.69637922,17.84,14.8,-45.63,5.8387
16611,0.9328237929,-0.377563861,11.12,44.94,-28.16,4.2359
16664,0.9356872783,0.4269856477,7.6,5.24,-32.29,5.9961
16780,0.942307051,-0.1953717715,8.63,23.79,80.08,5.7329
16803,0.9437426011,-0.3048573717,6.7,32.37,-10.91,5.208
16826,0.9446129221,0.8411213002,5.59,22.55,-27.78,4.2925
16846,0.9459181835,0.0102652404,32.59,-31.45,-162.87,5.9609
16852,0.9462970795,0.0070307666,71.62,-232.6,-481.92,4.4104
16870,0.9472540408,-0.7029228145,14.13,4.96,-14.44,4.7322
17103,0.9592870382,0.0533519759,8.77,-36.52,8.04,5.714
17167,0.9627187527,-0.0909438281,6.57,1.09,-5.19,5.4825
17203,0.9648646438,0.6558993429,3.97,22.03,-27.45,5.5312
17296,0.9693374717,1.1033405849,6.28,-17.27,18.94,5.0956
17304,0.9697412335,-0.5574301641,3.85,4.8,13.64,4.9335
17309,0.9700354453,0.3438348574,6.05,3.58,-12.53,5.6842
17313,0.9703044273,0.5928017642,3.09,2.71,-5.91,4.9631
17342,0.9717654573,1.0466632116,1.58,-0.24,3.73,5.8393
17351,0.9723027109,-0.6512407222,17.7,-91,-70.67,4.7559
17358,0.9726925032,0.8340518896,6.32,25.58,-43.06,2.9703
17378,0.9741086905,-0.1704348693,110.61,-93.16,743.64,3.6796
17395,0.9754818522,-0.1830084549,23.57,-7.76,-17.76,5.6598
17440,0.9782246829,-1.1310971725,33.49,307.13,77.5,4.0019
17448,0.9787752922,0.5635366801,2.91,8.18,-10.43,3.8583
17457,0.9796029843,-0.020299548,4.98,3.49,-7.01,5.2154
17460,0.9796676254,0.6363506023,11.04,48.08,-42.48,5.6291
17489,0.9808897397,0.4239330928,8.65,20.38,-44.81,5.4507
17499,0.9812040024,0.4208590686,8.06,20.84,-46.06,3.6857
17506,0.9814904538,-0.0051786608,8.27,60.23,-3.27,5.7008
17527,0.9824550597,0.4335288478,7.97,20.36,-46.52,5.6447
17529,0.9825944421,0.7431357949,5.86,-14.45,2.53,3.8717
17531,0.9826554331,0.427036324,7.97,21.24,-40.56,4.2724
17534,0.9829024763,-0.8265784091,9.66,-4.05,-8.01,5.8837
17563,0.9846878887,0.1055929263,6.11,22.41,-14.79,5.3139
17573,0.9853542196,0.4252993532,8.51,20.95,-45.98,3.8591
17579,0.9857084341,0.4285589888,8.77,20.18,-44.87,5.7675
17584,0.9860561308,0.7973003332,4.36,17.82,-19.55,5.6401
17585,0.9861703465,1.1728940856,18.04,82.54,-113.77,5.8718
17587,0.9862806712,1.1055799949,3.29,-1.46,-9.09,4.922
17593,0.9867293402,-0.2112151254,6.78,55.98,59.28,4.5239
17608,0.9875334966,0.4179795126,8.58,21.13,-43.65,4.1534
17618,0.9881053402,-0.512047593,9.9,6.87,4.06,5.9555
17651,0.9898190548,-0.4057617865,56.73,-158.84,-528.95,4.3164
17678,0.9915092884,-1.2957192138,15.24,50.85,114.74,3.342
17702,0.9925879583,0.4207158363,8.09,19.34,-43.67,2.848
17717,0.9933556205,-0.4166937948,13,47.46,49.1,5.2659
17738,0.9945484582,-0.5265190711,12.13,26.35,-231.31,5.6816
17771,0.9960195574,0.1944884381,7.19,26,-28.84,5.031
17776,0.9963506049,0.4087799108,8.45,17.99,-46.57,5.4355
17797,0.9974427534,-0.656595104,19.71,74.44,-9.09,4.2697
17798,0.9974355279,-0.3648250602,5.5,-31.66,-16.81,5.9238
17847,0.9999086753,0.4198131927,8.53,17.7,-44.18,3.6084
17851,1.0000157891,0.421267077,8.54,18.07,-47.2,5.0295
17854,1.0001973464,1.2369358266,9.4,20.91,-63.35,5.4402
17874,1.0011849147,-0.6318111537,15.54,-49.18,-57.01,4.328
17884,1.0014761469,1.1436445542,4.1,-4.03,-13.82,4.3978
17886,1.0015791889,0.5775535599,12.15,-18.63,-1.47,5.1684
17891,1.0018641731,1.1047428793,13.96,-18.4,-57.57,5.8839
17932,1.0038880385,0.7848382819,8.72,-36.95,-25.98,5.796
17954,1.004939836,0.446449087,17.71,41,-112.74,5.3049
17959,1.0051260843,1.2449846782,9.09,18.17,-42.85,4.6368
18081,1.0118340046,0.5996799337,3.87,5.62,-3.65,5.7777
18089,1.0123072831,0.1140557629,4.19,9.25,-3.59,5.6804
18141,1.0153201329,-0.093571321,5.57,5.09,-8.58,5.4539
18212,1.0194664605,0.8491126018,8.28,37.48,-30.82,5.9246
18213,1.0194849345,-0.6061929065,9.42,32.21,-0.83,5.0631
18216,1.0197582812,-0.429564146,8.65,31.28,-7.49,4.5955
18217,1.0197953332,1.0118610853,19.8,85.27,-93.59,5.8504
18246,1.0215934628,0.5564748061,4.34,5.77,-9.92,2.898
18255,1.0222892748,-0.0515698322,10.42,26,-0.23,4.6015
18262,1.0227031921,-0.7043630341,6.53,-22.54,8.06,5.8218
18396,1.0296102958,0.8355147744,4.47,18.99,-19.96,5.369
18434,1.0318305158,0.6122773525,3.76,3.96,-3.95,5.4788
18453,1.0323939577,0.8848067299,26.71,91.99,-128.47,5.3779
18471,1.0335281852,0.3923194722,23.62,69.82,-114.36,5.7033
18488,1.0347106365,1.066551805,2.23,-3.25,-13.28,5.13
18505,1.0359573047,1.1008184155,9.04,6.43,5.37,4.9464
18532,1.0378325027,0.6983110005,5.11,14.06,-23.78,2.8348
18543,1.0385967149,-0.235763342,16.04,61.57,-113.11,3.0703
18597,1.0417243082,-1.0716347894,6.2,9.8,-14.3,4.6497
18606,1.0422830902,-0.0954611975,21.53,-46.53,-173.72,5.9978
18614,1.0426814891,0.6246712676,2.62,3.62,1.74,4.0307
18647,1.0450255319,-0.2194634993,4.44,-1.2,-37.96,5.7362
18673,1.0468685617,-0.4191627529,9.96,12.12,16.48,4.5935
18723,1.0501517717,-0.5321632743,9.28,47.3,5.62,5.945
18724,1.0501661024,0.2179981788,6.74,-8.02,-14.42,3.3774
18735,1.0507380924,0.3175464036,23.31,129.15,-28.79,5.9602
18744,1.0511103477,-1.0848856499,6.95,3.03,34.67,4.5138
18772,1.0528750386,-1.0660305529,10.22,66.79,94.8,5.1069
18788,1.0538904494,-0.0270460806,7.88,27.74,-14.69,5.2315
18805,1.0549157638,0.1744982591,5.71,5.26,-0.72,5.6792
18859,1.0585899465,-0.0046829073,53.1,149.04,-253.02,5.4938
18907,1.0609694276,0.1045331612,27.89,4.72,-3.78,3.9203
18957,1.0635312057,0.0948697721,5.09,2.18,-5.56,5.2951
18975,1.0643966882,0.1430681514,28.69,164.97,26.62,5.5359
18993,1.0653626273,0.0493448654,28.25,150.34,-125.04,5.4651
19009,1.0662269976,0.4207295311,2.88,-0.54,-14.08,5.6092
19011,1.0663021005,-0.2232684335,8.48,16.15,17.67,5.785
19018,1.0666262399,1.0324583907,1.6,-3.01,0.02,5.1313
19038,1.0676802882,0.3854047915,17.43,90.53,-59.47,4.5241
19095,1.0717269843,-0.482619084,22.2,200.49,94.24,5.6665
19129,1.0736080487,1.1986915243,5.22,7.66,3.01,5.9956
19167,1.0759267798,0.8787968474,7.73,-12.75,-35.6,4.2801
19171,1.0760244246,0.4817113082,7.76,21.88,-52.34,5.1397
19205,1.0777784452,0.5061679578,36.23,-91.4,7.58,5.2963
19335,1.0847581313,0.6639272306,47.63,164.1,-202.6,5.6343
19343,1.0849892614,0.8327418533,6.84,21.73,-33.61,3.9864
19376,1.0865809557,0.2338444223,8.03,16.29,-7.07,5.9604
19388,1.0871874414,0.3422467388,11.49,107.12,-32.32,5.6757
19398,1.087764548,-0.2859875109,5,-0.87,0.63,5.4008
19454,1.0908470515,1.5119150503,23.68,143.45,-87.17,5.9267
19461,1.0910333169,1.4084575655,8.59,-10.44,2.47,5.2227
19483,1.0924684739,-0.1208435164,9.28,1.55,-11.95,5.6074
19511,1.0943022832,-0.1539349144,11.4,47.16,2.6,5.8656
19513,1.0944582311,0.4621813293,15.89,-28.61,-35.71,5.4712
19515,1.0944983753,-0.7329290468,18.24,199.08,70.18,5.0108
19525,1.0951229797,0.586200491,3.32,-2.68,-8.43,5.8876
19554,1.0966627798,0.0963951493,27.04,146.56,5.83,5.7917
19571,1.0978248579,-0.3552840759,12.35,45.78,49.57,5.8498
19587,1.0989707973,-0.1193417512,26.8,10.76,81.92,4.1285
19719,1.1063283041,0.1346701967,27.52,-3.17,1.75,5.3736
19740,1.1080216145,0.1616855348,9.83,-10.31,-30.01,4.9876
19747,1.1082899881,-0.7381673341,28.36,42.02,-203.55,4.0124
19777,1.1100070989,-0.1789990244,13.46,-7.19,-161.05,5.0352
19780,1.1101334814,-1.0903766289,20.18,41.97,49.42,3.4953
19799,1.1109193743,0.1747325698,8.34,-8.82,-14.49,5.1932
19805,1.1118146675,-1.0854560312,12.41,-2.68,97.82,5.6109
19811,1.112160897,0.7065742933,3.43,13.5,-20.5,4.8418
19812,1.1122007158,0.8449029494,3.62,5.52,-17.37,4.287
19849,1.1139300847,-0.1334227169,200.62,-2240.12,-3420.27,4.5615
19860,1.1149777895,0.1552018326,7.16,19.46,-22.11,4.2656
19893,1.1171191805,-0.8986193425,48.87,100.79,183.32,4.3338
19921,1.1191257348,-1.0350107657,54.83,-47.53,-167.58,4.5977
19949,1.1201454068,0.935702487,9.98,-18.25,-2.1,5.2217
19968,1.1209048455,1.079486862,7.31,7.08,-20.42,5.6562
19983,1.1219610757,1.0098558252,12.53,23.73,-49.37,5.8866
19990,1.1225147701,0.3591667784,34.55,-39.41,-60.79,4.9992
20020,1.1243022089,-1.1040166017,7.08,5.26,35.26,5.8569
20042,1.1252732932,-0.5898921671,18.33,62.52,-7.24,3.5167
20049,1.1256774901,-1.4000015604,7.7,27.53,61.56,5.8246
20070,1.1267973223,0.8778245079,10.4,45.42,-56.72,4.6223
20075,1.1269063004,-0.3615502968,2.16,5.1,19.85,5.9987
20087,1.1274202674,0.3766312206,18.5,94.87,-34.89,5.7131
20156,1.1310593251,0.8735170032,13.43,61.72,-59.25,5.5259
20161,1.1313111624,-0.7726193921,12.94,62.94,-36.36,5.4937
20171,1.1319971961,0.3690046791,12.08,29.69,-41.99,5.4789
20186,1.1327686348,0.3800208655,10,28.63,-41.13,5.3085
20205,1.1335574543,0.2727548212,20.19,115.46,-23.42,3.8123
20219,1.1342920204,0.2449613171,21.88,114.13,-20.45,5.6514
20234,1.1353012052,0.8887382613,3.01,1.19,-7.52,5.5458
20250,1.136008251,0.4773639655,10.16,-28.9,-78.28,5.1121
20252,1.1362570521,0.6033034677,14.94,-25.06,-7.07,5.0895
20261,1.1370998145,0.263466239,21.3,108.58,-21.46,5.3233
20264,1.1372999636,-0.3602289596,6.86,25.86,-9.93,5.3834
20266,1.1373994305,1.1369153784,10.21,-28.35,-4.98,5.4102
20268,1.1374640547,0.1070045074,9.04,-14.54,-44.69,5.9213
20271,1.1375788332,-0.1325139672,4.13,3.1,-2.35,5.8129
20297,1.1386841841,-1.4238435596,19.21,9.3,125.86,5.8633
20354,1.1412379687,0.8115599972,6.43,20.06,-35.45,4.8094
20376,1.1422876751,1.0600414553,7.31,55.55,-114.56,5.5234
20380,1.1425958847,0.9862209853,10.31,-13.98,6.72,5.9568
20384,1.1426972936,-1.1063086297,8.48,85.56,174.62,5.4
20400,1.1434415313,0.2456943702,22.53,113.18,-21.93,5.7967
20417,1.1448437063,0.3634023149,1.4,-1.8,-0.55,5.9458
20430,1.1457308677,0.4473166785,11.2,19.42,-17.16,5.3693
20455,1.1472650833,0.306175858,20.96,106.56,-29.18,3.9308
20465,1.1479656608,-0.4344494324,6.51,19.21,-15.11,5.9373
20484,1.1493719114,0.2928195965,20.04,104.56,-28.28,5.7146
20507,1.1505268891,-0.0653683819,15.6,-47.36,-54.91,5.2039
20522,1.1513237159,0.1651253119,8.24,-20.32,-5.32,5.143
20535,1.1520747736,-0.5937084108,11.01,73.77,56.7,4.0941
20542,1.1523313652,0.3044589272,20.21,108.16,-34.66,4.8526
20579,1.1540364797,0.5956955487,7.28,20.95,-34.02,5.7192
20591,1.1546388644,0.5927118691,24.62,56.28,-82.26,5.8454
20635,1.1578876989,0.389103372,21.19,105.1,-45.04,4.2573
20641,1.1580946544,0.3874650578,22.03,111.97,-47.71,5.3388
20648,1.158412653,0.312902435,21.96,107.6,-34.54,4.3212
20704,1.1610990015,0.5487176691,12.88,76.79,-121.57,5.4506
20711,1.1619816614,0.3981740729,21.21,108.81,-46.8,4.3556
20713,1.16214724,0.2725915673,20.37,114.31,-32.19,4.5524
20732,1.1632893386,0.2568052624,7.83,-9.52,-31.44,4.8523
20776,1.165217793,1.4106485822,3.37,12.19,-20.6,5.5849
20789,1.1662761144,0.4013623519,8.63,-0.71,-14.46,5.4969
20804,1.1670994959,0.195692104,5.55,-1.04,-12.06,5.8946
20825,1.1683556134,-1.0912010437,9.11,-11.48,4.52,5.9026
20842,1.1694230801,0.3773402856,21.22,97.93,-41.7,5.7887
20860,1.1703374566,1.462721399,4.31,-4.14,11.5,5.4794
20873,1.1710676806,0.2572794417,17.37,109.51,-20.48,5.9812
20877,1.1712879322,0.2855293902,17.47,7.91,18.14,5.1264
20884,1.1717056513,0.0241007954,8.52,17.81,-21.5,5.504
20885,1.1718745897,0.278593246,21.13,104.97,-15.14,4.0043
20889,1.1720564593,0.3347632442,22.24,106.19,-37.84,3.6992
20894,1.1722558422,0.2770002773,21.69,108.42,-26.74,3.4597
20901,1.1730140499,0.227724261,20.47,105.57,-15,5.0849
20922,1.1742375462,-0.2277369714,2.15,0.02,-0.13,5.5352
20982,1.1781407813,1.4545596921,10.61,-47.38,102.08,5.6225
20995,1.1787177632,0.2729328137,21.82,107.32,-24.52,5.646
21029,1.1805384585,0.2826399349,23.15,104.56,-25.9,4.8343
21036,1.1808096673,0.2395368447,22.12,107.25,-18.94,5.4724
21039,1.1809207959,0.2738759869,22.26,103.97,-24.84,5.537
21060,1.1817404512,-0.7845908345,4.63,1.64,-3.09,5.0008
21139,1.1862907976,-0.0007677907,4.97,-1.85,-8.19,5.0807
21148,1.1869579578,0.9409217694,-4.6,-1.29,-0.17,5.8249
21192,1.1895540861,-0.0560163479,6.86,17.78,-17.16,5.7388
21248,1.1934146542,-0.5195117688,25.67,-114.78,-271.79,4.6619
21253,1.1936670152,-1.0964792011,22.15,-117.19,-19.02,5.9522
21273,1.194885513,0.2590851823,20.61,103.2,-26.48,4.7185
21278,1.1951672674,-0.1176159272,3.94,-3.96,-6.4,5.6784
21281,1.1955300582,-0.9607165832,19.34,57.75,10.93,3.2372
21295,1.1961523976,0.0971910207,6.73,-12.77,-4,5.7097
21296,1.1963971468,-0.1436643225,3.28,-22.8,3.61,5.263
21297,1.1964080555,-0.1565557702,4.29,-35.94,-110.95,5.3758
21323,1.1983133986,0.5054683562,6.72,0.99,-21.3,5.8746
21393,1.2023189036,-0.5334129483,15.25,-49.27,-12.72,3.973
21402,1.2027670045,0.1773414549,20.88,43.13,-52.71,4.301
21444,1.2056691238,-0.0585112558,4.83,1.53,-5.01,3.8713
21452,1.2060394232,1.1215768561,7.4,-25.43,-7.39,5.9181
21476,1.2072903285,0.7202075822,4.09,-4.56,-17.84,4.3946
21479,1.207598958,-1.0834477212,18.31,-69.36,-75.78,4.6635
21515,1.2096350791,0.0174240978,3.83,-3.87,-5.69,5.285
21547,1.2112662476,-0.0431688353,33.98,44.22,-64.39,5.2896
21588,1.21368566,0.2798354103,20.07,110,-40.94,5.8599
21589,1.2136875463,0.2183559466,21.24,102.4,-15.78,4.3136
21594,1.213794389,-0.2496446877,29.69,-76.59,-176.78,4.0248
21604,1.2141556383,0.3610168583,9.89,-13.62,-8.08,5.8562
21644,1.2169012739,-0.2115876331,14.02,-65.46,-16.64,5.0341
21670,1.2178109755,0.1373746529,20.34,94.33,-2.28,5.4475
21673,1.2180359828,0.2757626019,22.18,41.91,-66.88,5.1269
21683,1.2185635659,0.2778219294,20.97,83.17,-20.97,4.7248
21685,1.2187952748,-0.2506098632,16.63,120.91,-125.39,5.6183
21727,1.2213441122,0.926413323,7.72,-5.68,-15,5.2418
21730,1.221587665,0.9332840678,22.49,34.51,-84.7,5.4474
21735,1.2219790614,0.2128889946,7.83,0,-12.94,5.4147
21743,1.222228345,-0.4272986835,9.31,-69.63,17.3,5.7241
21763,1.2236571744,-0.3433282067,8.85,29.13,-96.42,4.3758
21770,1.2241901557,-0.7306571369,49.59,-140.39,-74.82,4.5287
21819,1.2275290135,0.4994271279,8.55,38.56,-29.29,5.7473
21823,1.2278456348,0.8430112818,11,44.65,-45.24,5.6662
21861,1.2307077369,-0.6482984674,34.88,46.59,193.56,5.1297
21881,1.2315263871,0.4006748128,8.19,-2.89,-21.86,4.2366
21914,1.2338355359,-0.8810669588,8.71,-36.02,34.35,5.4629
21928,1.2344058325,0.7568666336,13.52,39.31,-48.27,5.3188
21949,1.2351074675,-1.2379814468,6.64,9.32,34.93,5.4909
21958,1.2354977653,-0.5369574468,5.08,-30.27,-66.65,5.8079
21972,1.236391131,0.8722078093,4.77,-4.82,-15.03,5.8765
22024,1.2395705043,-0.1484153641,0.67,4.92,2.72,5.7567
22028,1.2397618956,-0.3257926374,10.66,52.64,-17.63,5.5474
22040,1.2407195969,-1.042534739,14.92,29.74,43.98,5.3404
22044,1.2410577829,0.1945373561,21.82,98.77,-15.51,5.4592
22086,1.2438489345,-0.371464379,4.58,16.63,-16.51,5.8437
22109,1.2457390124,-0.0568039198,6.25,15.94,-14.52,3.9696
22157,1.2480341021,0.2043014074,13.86,66.44,-9.02,5.4116
22263,1.254907163,-0.2955691937,75.32,130.04,169.27,5.6184
22287,1.2566528143,0.9906059333,18.95,52.74,-145.87,5.3476
22325,1.259002611,-0.2850049568,23.97,7.37,38.84,5.8767
22336,1.2592697716,-0.0990201871,37.85,311.04,-249.44,5.9
22393,1.2619337746,0.5486900648,15.19,16.22,-103.54,5.7403
22407,1.2623864299,0.5687725769,11.94,24.83,-32.28,5.9123
22449,1.2646465369,0.1214966851,123.94,464.06,11.21,3.2862
22453,1.2649758502,0.6542921989,6.48,-36.89,38.85,5.0115
22479,1.2662064939,-0.2830449941,13.83,44.9,50.99,5.1981
22509,1.2680342178,0.1553387203,14.53,1.41,-29.91,4.3669
22531,1.2693915361,-0.9330830652,24.06,-80.62,87.78,5.666
22545,1.270407981,0.8506867091,10.29,-44.65,-31.52,5.8105
22549,1.2706263129,0.0978274735,3.1,-2.21,0.85,3.6236
22565,1.2713569786,0.3288189945,19.51,78.72,-34.25,5.1512
22573,1.2717777004,-0.6092286799,12.17,24.9,-22.68,5.8634
22626,1.2744662874,1.1083826807,6.54,38.24,-94.09,5.4857
22667,1.2764148124,0.2487229984,5.01,-0.05,-54.81,4.7029
22678,1.2768537396,0.640591629,5.42,-25.52,-5.11,4.9215
22699,1.277563958,0.7432768375,7.2,-10.63,0.46,5.7219
22701,1.2779941042,-0.0951685423,13.88,-17.86,25.57,4.4373
22730,1.2801084958,0.0437774828,5.52,29.71,-16.41,5.4049
22783,1.2830359363,1.1578978524,0.52,-0.13,6.89,4.294
22797,1.283914792,0.0425977554,2.43,0.55,0.61,3.647
22833,1.2862281504,0.1994208586,14.29,-15.97,14.71,5.2269
22834,1.2862926664,0.135772011,6.77,-20.49,-27.92,5.4968
22840,1.2865046338,0.0081538011,4.5,1.48,-4.11,5.9461
22845,1.2867224783,0.1771709011,28.04,41.49,-128.73,4.6861
22854,1.287408801,0.9644537548,5.26,-16.96,-8.65,5.5351
22860,1.2876763444,-0.2921794274,6.89,5.42,-8.26,5.8663
22871,1.2879904203,-1.3078974241,4.88,28.27,61.52,5.5916
22881,1.288536022,-0.2865456219,11.72,11.87,36.61,5.8703
22913,1.2908277795,0.2625028696,8.97,-3.69,-11.33,5.7673
22936,1.2920582893,0.9227506345,7.71,-3.88,17.47,5.788
22957,1.2931668783,0.2358738845,17.54,-74.88,-44.33,4.2355
22958,1.2933027419,-0.0902570916,4.4,-5.47,-1.08,5.4647
23015,1.2958790703,0.5788582689,6.61,6.79,-14.88,2.8337
23040,1.2971592632,0.938150824,8.77,-24.51,7.71,4.4473
23043,1.2975321221,0.2993886656,6.84,-9.59,-10.34,5.6743
23068,1.2994445828,0.4179816628,7.16,1.47,-9.8,5.9648
23088,1.3009521618,0.4372140737,11.47,27.38,-47.41,5.8065
23123,1.3026630561,0.0299155508,3.45,-1.3,-7.67,4.6307
23148,1.3039782006,-1.4393821547,8.84,-4.37,3.83,5.9969
23166,1.3047381825,-0.2858209955,24.71,-124,128.37,5.7535
23179,1.3057517526,0.6613136766,19.13,46.35,-97.8,4.9506
23221,1.308301781,-0.1791230119,18.53,20.19,-136.07,5.5358
23231,1.3086851845,-0.2188154998,11.24,39.67,-87.04,4.8507
23265,1.3105035085,1.417102999,8.49,1.24,27.9,5.2506
23362,1.315218885,-0.3499713401,16.48,36.43,-16.46,4.8902
23364,1.3152761239,-0.1252095387,4.41,1.71,6.29,4.7314
23416,1.3175878239,0.7648611127,1.53,-0.86,-2.66,3.1457
23430,1.318433788,-0.4585825238,13.99,86.16,-75.99,5.1748
23453,1.3198092592,0.7169095101,4.15,9.45,-20.71,3.8549
23467,1.3208509872,-1.2446697928,4.11,-4.24,10.22,5.4696
23474,1.3209920472,-0.3978493366,6.97,63.43,14.15,5.9053
23482,1.321266993,-0.8578550414,38.35,-43.67,27.37,5.4746
23497,1.3225017176,0.3768176618,18.88,68.88,-41.06,4.6767
23522,1.3239120368,1.0549168193,3.74,-6.5,-14.15,4.1838
23554,1.3259597444,-0.4256518946,17.19,26.3,-38.52,5.6276
23595,1.3282182352,-0.6192929193,17.99,126.17,-43.67,4.701
23607,1.3289328455,0.2688536675,8.93,17.8,-31.15,4.6541
23649,1.3306646557,-0.8652963724,7.35,68.96,-2.2,5.1708
23668,1.3319908608,-0.4564426909,13.12,10.22,-62.43,5.8714
23680,1.3325381104,0.0205536269,2.65,12.13,-4.42,5.8483
23685,1.3328244678,-0.3904451062,15.29,21.13,-73.11,3.3215
23693,1.3330454212,-1.0030928961,85.87,-30.97,117.22,4.8191
23734,1.3357920959,1.0292623902,4.76,-7.31,-7.85,5.2033
23767,1.3374217332,0.7196802464,13.4,31.45,-67.87,3.116
23783,1.3381336327,0.9005574856,38.04,-30.49,-172.89,5.0584
23794,1.3384964122,-0.0812479228,10.56,10.7,-0.78,5.0924
23835,1.3414801411,0.3254167586,64.79,534.73,17.93,5.0444
23840,1.3420135607,-1.1065312458,5.77,13.41,-43.83,5.225
23871,1.3430620264,0.3563692607,17.21,-46,-31.08,5.3302
23875,1.3432514979,-0.0887720313,36.5,-82.82,-75.39,2.8258
23879,1.3433852404,0.148328085,15.47,32.14,-58.12,5.4153
23883,1.3435715362,0.3788208514,3.02,2.56,-5.08,5.8667
23900,1.3443851131,0.4235074201,2.18,0.91,-5.09,5.517
23916,1.3453716347,-0.1512375571,4.79,3.93,-20.76,5.7845
23941,1.3470790576,-0.0777761671,39.28,56.14,16.46,5.2135
23972,1.348905565,-0.1527874491,4.02,0.25,-1.97,4.1942
23983,1.3496925165,0.1715588428,18.28,65.41,-7.69,5.498
24010,1.3513182167,0.2722237487,6.06,-2.71,-15.75,4.8886
24109,1.3557478337,0.8196491224,20.54,58.34,-149.99,5.7743
24162,1.3583846104,-0.043472414,26.58,81.48,1.34,5.9989
24169,1.358655368,-0.2068080309,6.71,32.09,56.71,5.2571
24197,1.3600159302,0.2800495574,9.5,4.57,6.18,5.3003
24244,1.3626576225,-0.207155625,14.07,24.39,-31.02,4.426
24254,1.3629894164,1.2906141503,8.63,1.45,-26.9,5.4022
24305,1.365420021,-0.2828380962,17.54,47.09,-16.39,3.2528
24327,1.3667298829,-0.2258680976,4.48,-12.29,-0.79,4.3328
24331,1.3669912965,0.0499382994,9.32,0.83,3.91,4.6378
24340,1.367591396,0.671684271,21.32,-19.18,-72.93,4.8902
24372,1.3690236694,-1.172605562,6.64,19.19,37.55,4.9799
24426,1.3721806145,-0.6279176425,6.56,10.77,14.57,5.9087
24450,1.3732870481,0.089991433,6.71,-5.89,7.92,5.6513
24504,1.3762220619,0.5705057235,11.42,-25.05,12,5.076
24505,1.3762186899,-0.4702516889,11.73,10.08,-29.59,5.0438
24555,1.3791111188,0.1979442421,7.36,-8.44,-6.52,5.5245
24659,1.3852840724,-0.6090219882,30.82,92.67,-336.23,4.9799
24674,1.3858204357,-0.1194570697,6.6,-17.61,-9.24,3.5544
24679,1.3861002255,-0.2359634171,20.4,-7.63,-49.16,5.6446
24727,1.3883038363,0.5824513503,14.04,31.63,-160.73,4.6925
24732,1.3885005198,1.2787702175,8.99,-8.42,-28.04,5.8126
24738,1.38867723,0.7468645197,5.79,17.98,-30.61,5.5156
24799,1.3919014847,0.5890218425,7.89,14.17,-29.75,5.3217
24813,1.3924875581,0.6998886748,79.17,518.99,-665.06,4.8232
24817,1.3927167144,0.0453076254,16.14,-17.74,-53.15,5.4331
24822,1.3931065219,0.3856600125,13.19,18.91,-81.57,5.1166
24829,1.3935082361,-0.883250397,28,23.64,227.43,5.5501
24831,1.3936226541,-0.4776767942,7.46,-3.08,-8,5.9799
24845,1.3944108819,-0.2299781465,3.83,-3.3,-4.91,4.202
24873,1.3961929123,-0.2149478503,9.78,-13.32,7.18,5.257
24879,1.3963303823,0.5926799966,1.57,0.09,-3.54,5.121
24902,1.3973312321,0.7170918896,11.77,-18.97,-53.43,5.5089
24914,1.3979079846,1.0935136425,1.59,-4.64,-2.5,5.7361
24927,1.3982204833,-0.3707033828,7.84,11.39,-10.3,4.6925
25001,1.4015494463,0.5160918461,11.29,-0.4,0.91,5.6897
25028,1.4029424709,-0.007269194,3.25,0.76,0.75,5.6293
25041,1.4037946162,0.1471061873,2.29,-1.46,-2.37,5.7445
25044,1.4039535925,-0.0066753503,3.51,1.23,1.13,4.6616
25045,1.4039914023,-0.4323695392,9.27,-20.42,-13.99,5.189
25048,1.4041468516,0.7296290183,6.16,14.42,-37.32,5.173
25110,1.4074464129,1.3828375774,47.88,-78.48,161.95,5.19
25142,1.4086262456,0.0618622831,2.1,-0.53,1.47,4.9403
25143,1.4086497489,0.7160955583,11.15,-12.9,2.66,5.5885
25187,1.4106995523,-0.1468797163,8.15,-2.53,-3.52,5.9845
25194,1.4110990301,-0.6925193425,5.02,26.7,4.36,5.7816
25197,1.4113769686,1.0043415428,9.7,15.94,-54.99,5.2468
25202,1.4115463654,-0.2430781113,1.98,0.06,-1.6,5.1642
25223,1.4124301397,-0.0027892669,3.72,2.08,-2.64,5.6235
25247,1.4134866308,-0.1362745288,20.73,-14.82,-45.02,4.2952
25278,1.4155573142,0.303400215,69.51,251.05,-7.99,5.1149
25280,1.4157869848,-0.2962825928,14.65,34.64,-15.39,5.6519
25281,1.415797791,-0.0418379705,3.34,-0.71,-3.46,3.2919
25282,1.41581916,-0.0155625641,17.48,-4.23,140.26,5.2306
25291,1.4165184255,0.543550734,4.73,-10.47,-5.84,5.9587
25292,1.4165631872,0.6524978864,6.98,0.71,-11.51,5.152
25302,1.4169765703,0.0322265629,3.14,0.21,-0.21,4.8229
25329,1.4182067145,-0.1802723579,7.47,1.79,-16.68,5.7281
25397,1.4224304603,-0.3437487576,22.21,5.43,-21.84,5.934
25429,1.4238451929,-1.0282188167,7.12,-10.2,32.04,5.2987
25471,1.4259924186,0.6002506285,1.55,0.11,-7.16,5.9676
25473,1.4260960449,0.0540297568,2.87,1.71,-1.94,4.5111
25488,1.4271933942,-0.7146036486,10.88,1.27,105.69,5.931
25492,1.4274082843,0.5272397747,2.27,-0.93,-4.22,5.7621
25499,1.4275403417,0.3135007111,5.94,7.7,-20.54,5.3743
25539,1.4295762125,0.3828725657,5.22,0.05,-7.06,4.8286
25541,1.4296346344,0.6017194766,7.2,-1.89,-38.74,5.2363
25555,1.4301232219,0.2770553712,7.69,4.76,-21.83,5.5302
25583,1.4312863833,0.3008815279,5.32,17.42,-44.91,5.8679
25606,1.4322409127,-0.3623169486,20.34,-5.02,-86.01,2.9674
25608,1.4322845881,-0.6498023351,11.39,11.54,69.06,5.5758
25695,1.4367326914,0.4389556572,7.67,11.48,-37.2,5.4671
25708,1.4372569453,-0.0601505168,6.62,-27.17,-9.2,5.9638
25737,1.4387317306,-0.0190620637,6.42,1.16,-25.84,4.8168
25751,1.4395165267,0.0312284953,2.28,1.29,-1.33,5.6981
25768,1.4405847204,-0.8216544823,22.66,20.61,-133.26,5.5921
25769,1.4406390989,1.100730848,3.47,-5.63,-4.63,5.5061
25790,1.4418000273,0.2680920407,12.89,-15.15,-39.31,5.9716
25813,1.4433180541,0.1038159841,10.77,5.1,-33.3,4.1585
25853,1.4448143594,-0.3641377208,12.01,7.21,-42.06,5.5454
25859,1.4451861014,-0.6190758935,12.39,27.9,-34.72,4.0314
25861,1.4453167499,0.0574585954,2.87,-0.22,-1.5,5.3929
25918,1.448089639,-1.3324133806,31.89,142.5,286.85,5.3394
25923,1.4483222278,-0.1274356737,1.14,-0.1,-4.87,4.5203
25930,1.4486523477,-0.0052201652,4.71,0.64,-0.69,2.1361
25945,1.4495505844,0.324530801,1.82,1.86,-4.48,4.3349
25950,1.449651909,0.2977209419,1.09,-4.01,-11.79,5.5036
25980,1.4516306645,-0.0277827209,2.09,-1.95,0.8,5.2744
25984,1.4517993541,0.5618569416,0.01,-1.52,-4.33,4.8053
25985,1.4518095186,-0.3110576781,1.47,3.56,1.18,2.6426
25993,1.4523595092,-0.6721846917,18.93,48.4,-11,5.6187
26001,1.4529520469,-1.1209815903,14.08,32.88,-1.53,5.5046
26019,1.4535186619,-0.6132966203,12.67,100.02,-27.62,5.9213
26063,1.455273486,-0.0201772532,2.22,-0.82,-1.07,5.2902
26064,1.4552867901,0.323588073,2.1,2.78,-0.05,5.6614
26069,1.4557148642,-1.0906537318,3.24,0.79,12.74,3.903
26093,1.4569343349,0.24967968,7.31,-0.94,-5.31,5.5652
26126,1.4585709419,0.0657453944,11.82,-29.96,-16.25,5.3527
26169,1.4606065758,-1.2870296451,3,0.73,37.68,5.7968
26176,1.4609306049,0.1656245106,3,0.27,-2.26,4.3451
26197,1.461786419,-0.1048815359,1.21,0.48,-1.5,5.5912
26199,1.4619082256,-0.1047551641,2.02,-0.66,0.01,4.6889
26207,1.4623152277,0.1733838532,2.97,-0.34,-2.94,3.3298
26215,1.4626760044,0.1787234966,2.91,0.99,-5.38,5.6409
26219,1.4628371465,-0.5773550767,10.82,29.67,116.4,5.9318
26220,1.4628631949,-0.0940257687,-52.82,58.94,-15.67,4.8593
26221,1.4629107026,-0.0940679537,-13,-4.13,6.82,4.6103
26224,1.4629638242,-0.0940327099,-27.24,-7.11,8.29,4.7663
26235,1.4633785697,-0.0945281431,2.11,2.29,0.96,4.9953
26237,1.4633976092,-0.0844449725,3.69,4.52,-7.11,4.5178
26241,1.4636026456,-0.1031472111,1.4,1.42,-0.46,2.6706
26248,1.4636855113,0.419570834,5.9,15.52,-19.67,5.348
26268,1.464584681,-0.0847546964,9.07,-0.42,7.44,5.3137
26344,1.468638187,0.9499597475,4.37,-6.7,-11.08,5.8333
26345,1.4686722724,-0.1058498997,2.12,-0.22,0.05,5.6299
26366,1.4700276123,0.162165732,27.76,97.24,-305.57,4.235
26382,1.4707096686,0.2974112429,20.58,42.24,-33.69,5.5961
26394,1.4710793126,-1.4044956729,54.6,312.01,1050.38,5.7855
26396,1.4710826096,0.4699216594,6.46,13.19,-22.79,5.8125
26427,1.4724292841,-0.1036443829,2.45,1.78,-2.13,5.9561
26451,1.4732530972,0.3690078584,7.33,1.78,-20.07,2.9184
26460,1.4736864274,-0.5007313623,24.51,-37.66,42.42,5.3864
26487,1.4748841084,0.1316232305,4.18,10.78,-15.93,5.8523
26535,1.4775646719,-0.1147372088,2.43,0.61,-0.17,5.8817
26536,1.4775738939,0.5321935223,5.76,-21.32,-10.1,5.4441
26545,1.4779685722,-0.7104774195,7.42,-1.48,18.86,5.7894
26549,1.4780587022,-0.045379706,3.04,22.63,13.45,3.6811
26551,1.4781210811,-0.0453730849,6.38,0.79,-0.9,3.7103
26563,1.4786641631,-0.1258855117,22.42,-15.04,-49.5,4.8242
26594,1.4799770884,0.0719331608,2.36,0.84,0,4.4935
26634,1.4819983319,-0.5947043514,12.48,1.58,-24.82,2.6124
26640,1.4823803246,0.4519905149,7.63,11.04,-23.59,5.1278
26649,1.4827918411,-0.569485911,7.73,-15.74,-32.19,5.6007
26736,1.4872180251,-0.0197010303,3.63,-1.5,-0.84,4.8716
26777,1.4891814982,0.2885759415,5.13,3.5,-15.47,4.8026
26865,1.4932715919,-0.390495375,3.28,0.58,9.04,5.9088
26868,1.493361224,-0.6050696404,7.61,5,50.79,5.2851
26882,1.4941798864,1.1466412028,11.96,-0.05,-21.52,5.7831
26885,1.4943410376,0.0257377564,11.11,-54.06,-14.6,5.0619
26966,1.4981949154,-0.3238884826,13.32,18.92,-13.99,5.7349
27072,1.503017555,-0.3917825525,112.02,-291.67,-368.97,3.6977
27100,1.5043588521,-1.1473016199,21.8,-28.91,5.17,4.3927
27196,1.5092770601,0.8696327001,7.89,-6.97,-1.22,5.4871
27204,1.5097020144,-0.5638527022,2.45,2.98,-22.24,5.071
27243,1.5116999171,-0.8132749164,6.95,7.38,16.25,5.4772
27249,1.5119183325,0.9794040456,16.45,19.51,-58.85,5.9824
27265,1.5130181877,0.2761547958,4.44,3.68,-2.31,5.9859
27280,1.5135025814,0.1661989721,10.95,-32.08,-65.5,5.9385
27288,1.5138803932,-0.2586917834,46.28,-14.54,-1.07,3.5778
27316,1.5150293982,0.2528707083,9.6,6.55,-41.17,5.7503
27321,1.5153154641,-0.8912822871,51.44,4.65,83.1,3.9077
27338,1.5159782525,0.309432086,1.83,-2.17,-4.81,5.5454
27364,1.5171932557,0.2425943338,5.15,4.97,-12.95,5.2279
27366,1.5173738329,-0.1687663889,5.04,1.46,-1.28,2.0065
27386,1.518453292,0.1126472246,6.06,0,-24.36,5.3227
27468,1.5228695333,0.4287847074,8.97,10.44,-8.3,5.0445
27483,1.5235604125,0.6838397871,15.77,-28.3,-24.97,4.678
27511,1.5251954899,0.2208079918,13.11,-22.98,-18.22,4.8712
27517,1.5254581076,-0.2527856362,12.19,-20.22,-47.84,5.6458
27530,1.5264051001,-0.9802901529,18.45,81.13,-71.12,4.6622
27533,1.5266910922,-0.4009357084,5.87,-14.8,20.71,5.894
27534,1.5266942925,-1.1676467479,5.68,-21.81,17.32,5.0585
27549,1.5273577492,0.1722853291,9.1,15.59,-2.99,5.9456
27566,1.5283847792,-1.3851198725,11.44,-4.1,65.66,5.4416
27581,1.529265018,0.2496815437,10.3,7.27,-37.53,5.7182
27621,1.531033261,-0.9094681631,12.72,2.67,-76.45,5.3293
27628,1.5313484549,-0.6242919202,37.41,54.77,404.2,3.2833
27629,1.531389108,0.4881307753,9.34,-2.97,11.67,5.7547
27639,1.5317016947,0.6511069788,6.24,36.85,-45.52,4.8122
27654,1.5329192531,-0.3643813549,28.68,229.49,-648.41,3.9262
27658,1.5331250975,-0.1312138962,3.11,0.31,-0.51,5.2864
27673,1.5336639114,0.6832698715,14.16,10.33,1.73,4.1381
27713,1.536451926,-0.1578122983,10.11,-2.76,32.09,5.9961
27743,1.5375116065,0.2473444629,7.69,-17.75,-3.01,5.5857
27750,1.5378127106,0.0323786108,2.59,-7.16,-8.24,4.9281
27766,1.5383013861,-0.6567846896,10.13,30.6,-29.27,5.7862
27810,1.5407537073,-0.5899464101,9.75,-4.72,31.32,4.8321
27830,1.5416815884,0.4819252887,7.71,3.72,-10.11,4.5611
27890,1.5450454619,-1.1011460457,38.1,118.57,572.93,4.8015
27913,1.5462951088,0.3538901962,115.43,-162.54,-99.51,4.5219
27938,1.5477860175,-0.2054996212,4.92,75.18,27.5,5.7444
27947,1.54826038,-0.9186727751,28.82,-17.45,243.33,5.3642
27949,1.548309639,0.9722689041,13.69,-4.85,17.29,4.9918
27955,1.5484338564,-0.6973970846,6.44,-12.82,20.4,5.6606
27965,1.5487387543,0.3446959598,1.79,1.4,-4.52,5.8677
27971,1.5488215426,1.0452499781,6.96,2.3,-18.43,5.2145
27973,1.5489084755,0.553303108,11.77,-46.05,-179.36,5.9493
28010,1.5511533935,-0.6478768542,9.8,36.9,-25.35,5.1402
28098,1.5548660385,-0.5477271647,1.96,0.08,6.04,5.6132
28103,1.5551115116,-0.2472789146,67.21,-42.06,139.26,3.7888
28110,1.5553818523,0.1659706733,8.33,-0.62,-8.17,5.9701
28199,1.5600488723,-0.6158098753,3.75,-3.24,10.21,4.3092
28237,1.5620447847,0.4529812846,2.1,-2.06,-1.95,4.7985
28271,1.5638469512,0.0320639277,8.95,6.42,-8.45,5.9578
28287,1.5648008818,-0.7685485021,2.76,-11.66,10,5.9845
28296,1.5656753136,0.0096512124,7.32,-15.13,1.66,5.2248
28302,1.5659415215,0.2235462642,4.11,-8.55,2.37,5.8528
28325,1.5667462647,-0.166821006,11.39,10.86,-46.07,5.0983
28328,1.5670722719,-0.7472645958,6.91,18.39,-10.87,4.1205
28358,1.5687274033,0.9474516638,25.88,81.81,-132.98,3.8904
28380,1.5695773717,0.6494852553,19.7,43.63,-73.79,2.6103
28404,1.5705128069,0.8017475929,4.34,-2.44,-7.34,4.3115
28413,1.5710396203,-0.0536527651,7.75,7.21,-73.42,4.6893
28484,1.574374096,-0.8938974778,15.34,-28.8,95.68,5.7164
28499,1.5750548471,0.8360471698,2.82,3.6,-20.99,5.7169
28524,1.5763445929,-0.5918720664,5.31,4.91,-26.91,5.6569
28574,1.5788267251,-0.1849689386,4.16,-5.89,2.94,4.929
28614,1.5811948901,0.1683783322,21.05,10.43,-39.09,4.1792
28675,1.5850179282,-0.4587554417,8.02,66.88,85.35,5.177
28691,1.5858759974,0.3436659774,4.54,9.27,-19.9,5.1135
28716,1.5878993645,0.3514824043,1.81,1.88,-2.1,4.6946
28734,1.5887744152,0.4060269757,21.03,-1.61,-118.33,4.3198
28744,1.5892316296,-0.1170932722,2.48,-3.7,4.98,5.221
28756,1.5897241641,-0.5615199628,3.24,-16.28,122.06,5.5825
28812,1.5924811379,0.094596321,2.49,-8.43,-1.12,5.8371
28814,1.5924936687,0.0725826038,0.69,-0.99,-3.05,5.7947
28816,1.5925498667,-0.287707527,3.59,-5.85,-3.74,4.9878
28823,1.5928616701,0.7501771617,20.11,-45.17,-144.26,5.9839
28854,1.5945778608,-0.1787681273,18.21,22.14,26.54,5.9699
28855,1.5945887246,-0.6198307587,12.03,13.65,16.21,5.8186
28899,1.5973785384,-0.5193841906,11.73,11.51,-41.15,5.8133
28909,1.597657113,-1.1526100092,10.14,13.57,27.6,5.7068
28910,1.5976550551,-0.2606699208,18.88,-17.61,12.79,4.689
28943,1.5993108788,-0.4033591394,7.09,-10.61,-27.16,5.4956
28946,1.5995280597,0.6716510812,9.57,9.84,-52.54,5.4204
28949,1.599793545,-0.0731960514,3.08,-7.76,-4.74,5.3357
28984,1.6011590199,-0.3806962831,2.6,-5.79,-3.45,5.7503
28991,1.6015841426,-1.0847991209,9.02,21.72,-69.82,5.2044
28992,1.6016063745,-0.5988577527,3.2,2.47,-0.13,5.8024
29034,1.6036399377,-0.6501861243,4.52,0.12,0.41,4.9753
29038,1.6038355394,0.2577593535,6.32,6.78,-20.23,4.3588
29048,1.6043670202,-0.3345098719,3.89,12.29,55.89,5.372
29064,1.6051842295,-0.7357261193,13.43,-11,-16.4,5.5105
29134,1.6089277104,-1.2015449971,10.88,-50.84,19.01,5.031
29150,1.6099111419,-0.3914299346,13.24,-3.06,-52.39,5.4933
29151,1.6099138383,0.0436284613,4.98,-0.31,-14.12,5.7324
29205,1.612577599,-0.254550871,15.67,-15.41,30.96,5.7277
29225,1.6132649434,0.4034061474,0.23,-0.92,-2.65,5.7995
29234,1.6135500846,-0.3974898401,20.39,87.26,59.69,5.8084
29246,1.6143564522,1.0286211149,8.56,16.98,18.56,5.5222
29263,1.6151873153,-0.704309642,3.83,-20.37,73.69,5.5869
29271,1.6154624555,-1.3046777354,98.06,121.8,-212.34,5.2164
29276,1.6157322323,-0.9593841134,2.51,-4.9,7.41,4.637
29294,1.6169520281,-0.4739302682,9.89,-9.08,-55.82,5.8769
29353,1.6198848093,-1.144756306,5.09,-22.83,118.59,5.0769
29379,1.6211421907,0.4262160182,5.74,2.82,-51.24,5.9977
29388,1.6214529541,0.8501695082,9.76,14.77,-56.65,5.8281
29417,1.6225610589,-0.1143239949,2.73,-2.72,-1.83,4.9864
29426,1.6228941691,0.2479905929,5.37,0.29,-20.12,4.3991
29433,1.6232535827,0.3454106358,3.92,1.68,-12.75,5.7467
29434,1.6233944575,0.2815294063,6.17,5.49,-16.8,4.9122
29451,1.6246200954,0.5706072891,3.5,-7.35,-4.06,5.8635
29490,1.6268688676,1.1470041905,4.56,6.97,-31.72,5.5162
29575,1.6314642947,-0.065300155,10.61,-17.89,21.21,5.9929
29616,1.6339616009,0.3125252679,6.17,-3.19,-12.17,5.9353
29629,1.6345522262,-0.0797347237,5.1,-6.11,3.22,5.7712
29650,1.635587013,0.3343507957,48.04,-97.29,-183.23,5.2959
29651,1.6356161402,-0.1095146552,6.55,-4.69,-19.3,4.1465
29655,1.6357150549,0.3928181795,8.48,-62.46,-12.12,3.2945
29678,1.6368612082,0.2417468178,2.73,25.25,11.45,5.8291
29696,1.6378996235,0.5148496508,18.43,-70.88,-261.42,4.4867
29704,1.6380734527,0.2817520967,6.24,2.23,-13.68,5.3072
29716,1.6387447046,-0.0089301293,26.89,-157.54,-217.82,5.7306
29730,1.6391919858,1.0471806944,6.63,28.21,-23.65,5.5184
29735,1.6395098478,-0.239431018,8,11.57,-11.46,4.9835
29736,1.6395162092,0.2190575063,2.8,-1.8,-1.1,5.485
29771,1.6411691991,-0.2900389654,4.19,-7.83,1.06,5.9081
29800,1.6425417273,0.2141817527,51.95,82.52,185.47,5.1382
29807,1.6430191653,-0.6133214618,17.87,-0.28,87.94,4.5365
29842,1.6450622748,-0.658646236,10.92,1.06,83.56,5.7066
29850,1.645454002,0.1735299889,14.47,6.21,-60.55,5.4326
29852,1.6456689538,-0.6501952357,16.15,-5.96,-23.06,5.9287
29860,1.6461544455,0.0890064858,51.95,-187.72,170.69,5.8305
29895,1.6480077013,-0.2934930537,5.27,-13.82,1.65,5.316
29919,1.6489603174,1.073644391,5.11,-10.59,-3.11,5.0034
29941,1.6503347456,-0.3484897554,4.1,-5.74,7.06,5.4529
29996,1.6530144571,-0.1638857761,6.94,3.76,-22.88,5.5309
29997,1.6530289548,1.209862836,18.64,-2.12,-101.99,4.7792
30011,1.6536250957,-0.3652209821,1.86,-2.77,3.49,5.7333
30060,1.6564185904,1.0299345941,20.83,-5.35,23.86,4.4594
30069,1.6566776748,-0.6003338375,8,3.98,1.59,5.7368
30073,1.6568120316,-0.1365355377,3.74,-3.31,0.37,5.2032
30093,1.6580340164,-0.0513910527,7.02,-6.42,-1.26,5.0033
30099,1.6583702373,0.2557111355,5.5,-5.68,-16.89,5.7744
30122,1.6594290263,-0.5247049047,9,7.32,4.03,2.9524
30143,1.6606981813,-0.595928587,1.68,0.32,20.21,5.4788
30214,1.6642236414,-0.2054818607,2.96,-4.47,1.54,5.5389
30247,1.6657791917,0.9329202843,16.89,21.98,-88.69,5.4401
30277,1.6672872363,-0.5835730521,13.94,-24.23,-51.4,3.9932
30321,1.6695696106,-1.2214534548,5.27,26.78,33.82,5.6847
30342,1.6708523292,-0.9838407166,20.72,-39.96,-20.13,5.6731
30343,1.6709775899,0.3929408129,14.08,56.39,-110.03,2.9141
30419,1.6745050725,0.08016016,26.67,-22.06,10.91,4.4559
30436,1.6752189289,-0.4464121075,3.22,2.98,-39.81,5.7311
30444,1.6755901885,-0.640673657,9.85,-12.66,54.68,5.7866
30457,1.6762689862,-0.201236635,9.36,-56.2,-32.78,5.372
30463,1.6765254105,-1.0521088727,10.75,-31.68,30.06,5.7871
30520,1.6794359369,0.8602361161,0.82,-0.66,-1.82,5.0056
30545,1.6810725534,-0.0164995196,29.79,239.67,-217.55,5.9959
30565,1.6819629631,-1.2163336889,12.08,-11.68,200.27,5.5411
30591,1.6830541206,-0.8408446411,5.55,-2.73,-20.54,5.7478
30651,1.6861235969,0.9823593335,13.34,-26.74,21.44,5.5976
30666,1.6871218773,-0.0263067284,13.8,-8.82,-29.57,5.8997
30679,1.6877973254,1.0195762051,5.21,-5.82,-2,5.3358
30703,1.688906813,-1.0123277166,5.79,-8.66,-5.79,5.9884
30717,1.689606689,0.0052231837,3.84,3.37,-8.67,5.3736
30720,1.6897398197,-0.004816878,4.71,2.38,-5.39,5.7052
30728,1.6900951271,0.0507586438,10.59,-43.36,12.82,5.7109
30772,1.6927928078,-0.0831151381,3,-5.78,-2.86,4.9912
30788,1.6937124082,-0.5686305299,7.7,-14.41,25.21,4.4188
30827,1.6954483722,0.5322044696,-1.1,-1.71,-15.73,5.9029
30836,1.6956898626,-0.3048397794,7.15,17.26,9.99,5.9273
30840,1.6958233183,-0.5649857215,3.78,-2.94,8.22,5.671
30867,1.6965381174,-0.1227499079,4.82,-6.86,-2.76,3.7921
30883,1.697172009,0.3527688585,5.99,-6.82,-13.1,4.0991
30932,1.6994081674,-0.9922693247,10.72,-38.33,31.75,5.3654
30953,1.7009052775,-0.8768352564,19.44,-67.94,-49.01,5.3084
31037,1.7050625597,-0.4846707625,2.65,-7.79,5.64,5.8667
31072,1.7070118089,-0.6153832177,5.3,-3.51,9.19,5.9704
31079,1.7073842902,-0.9045379601,27.09,102.31,105.05,5.7004
31084,1.7077333798,-0.2162796128,8.9,42.14,-19.1,5.327
31119,1.709570983,0.2014868066,15.71,19.39,28.51,5.2842
31121,1.7097003527,-0.1423871182,4.67,-10.93,-22.23,5.5935
31125,1.7097949453,-0.408728828,2.36,-2.91,6.22,4.2586
31137,1.7102998918,-1.0254479718,4.31,-1.34,1.77,5.679
31165,1.7119740558,-0.6579282881,11.94,73.46,-76.45,5.4125
31167,1.7121047036,-0.1024284591,23.9,-0.27,-40.87,5.6741
31173,1.7124009093,0.5664455678,12.41,-26.16,-17.35,5.8784
31190,1.7132572556,-0.5590368836,1.86,-2.85,4.28,5.6609
31216,1.7143663549,0.127984629,0.83,-0.2,-3.48,4.5019
31277,1.7174165584,0.2470578919,12.98,-12.6,-86.97,5.734
31278,1.7175436639,-0.0212949448,5.89,2.21,-17.69,5.0482
31299,1.7183851039,-0.6323723636,8.33,-15.57,98.99,5.5671
31362,1.7217185058,-0.5710064727,6.2,2.22,2.84,5.5963
31407,1.7234099048,-0.9245992449,2.39,-7.65,10.54,4.3706
31416,1.7237584259,-0.4008119534,7.39,13.95,18.56,4.533
31434,1.7243898079,0.4890821669,8.82,0.31,-13.9,5.268
31446,1.7246637875,0.015537308,2.14,-3.36,-1.46,5.7994
31457,1.7252742767,-0.6419308798,6.4,-8.21,21.25,5.5514
31564,1.7295382073,-0.3256774596,9.3,-10.09,13.06,5.8699
31579,1.730263987,0.6710014689,0.38,-0.5,-19.9,5.3488
31583,1.7304452517,-0.090950998,4.33,1.79,-13.8,5.4943
31592,1.7308574846,-0.336075528,50.63,62.57,-69.97,4.12
31637,1.7332459051,-0.64560923,2.85,-9.53,13.57,5.6824
31665,1.7350317275,0.9923507039,9.83,-11.98,9.38,5.8799
31685,1.7355606227,-0.7539110968,8.78,-0.44,-3.87,3.1395
31688,1.735696758,-0.5644375693,8.11,108.06,64.6,5.417
31700,1.7361245261,-0.3183036734,7.74,-7.32,-8.72,4.5975
31737,1.7382766199,0.5058730639,9.41,-16.61,-15.94,5.7655
31765,1.7393393168,-0.8416018051,6.84,1.6,19.01,5.209
31771,1.7394790915,0.687504672,6.68,-26.77,-110.01,5.8516
31789,1.7401795568,0.6964315398,2.38,-8.68,-11.61,5.3219
31827,1.7421815788,-0.2468898576,3.3,5.11,-6.65,4.9771
31832,1.742407791,0.7415731527,7.84,-0.87,-54.97,4.9636
31852,1.7433747582,0.4932851632,3.87,-6.24,-10.81,5.9973
31870,1.744068666,-0.5318022456,13.63,-7.08,-191.51,5.8707
31897,1.7455407601,-1.4104655398,7.88,-4.97,52.73,5.6721
31940,1.7474263438,1.3612834603,4.67,14.39,-5.54,5.8765
31978,1.749595213,0.1727135988,3.55,-2.61,-1.61,4.5554
31992,1.7500885318,0.0086452352,2.6,-7.13,-3.31,5.7557
32064,1.7537916459,-0.1600017418,9.47,32.61,-45.27,5.3245
32104,1.7558246732,0.3079723138,22.92,7.87,-84.32,5.2513
32173,1.7587834313,0.7770995314,10.08,-45.43,-29.97,5.1674
32226,1.7612296284,0.0686356796,1.14,-0.29,-1.95,5.869
32246,1.7624865547,0.4386214075,3.86,-5.57,-12.36,3.1915
32249,1.7627312094,0.2308746517,11.29,-2.4,-50.78,4.6618
32292,1.7648528712,-0.5422831871,0.9,-3.2,5.59,5.1843
32311,1.7660888369,0.5056391522,6.85,-8.65,-23.89,5.5643
32362,1.7684136731,0.2250786224,55.56,-115.73,-190.55,3.4417
32385,1.7694141293,-0.5401617922,1.72,-2.49,3.8,5.5752
32402,1.7710525858,-0.9147220608,2.53,-3.65,8.55,5.9362
32411,1.7714656423,-0.2582403907,7.69,-10.99,-17.43,5.3291
32438,1.7725384048,1.0374532129,15.19,-19.63,-7.23,4.8902
32439,1.7725614413,1.388693527,55.95,-99.16,-603.76,5.5505
32463,1.7738667566,0.149874372,3.8,-6.17,-5.21,5.8572
32474,1.7743470291,-0.1764067413,6.04,-12.63,0.63,5.6531
32480,1.774733617,0.7605625628,59.82,-1.07,164.25,5.3677
32489,1.7751085264,0.9977919979,15.46,14.45,-39.18,5.5026
32492,1.7752248296,-0.2517811198,4.1,-1.39,9.99,5.2764
32494,1.7753411915,-0.8947508826,3.96,-22.28,-91,5.5317
32531,1.7772331369,-0.9693567249,5.42,-0.99,25.05,5.7139
32533,1.7773156344,0.1402770488,6.62,-23.8,-11.76,4.9161
32537,1.7774292624,-0.661997669,10.06,-10.04,-10.25,5.2453
32558,1.7785794939,-0.1570534656,2.31,-4.98,-1.09,5.1604
32562,1.7787509151,0.8515367332,9.05,-4.32,7.19,5.3919
32578,1.779629103,0.042100637,8.86,-12.41,-12.12,4.6471
32607,1.7810748356,-1.0810914905,33.78,-66.07,242.97,3.3114
32609,1.7811254019,0.9722260308,22.59,56.4,-105.83,5.6455
32617,1.7816239518,-0.0230180844,25.01,-37.93,-34.42,5.8221
32677,1.7844346832,-0.2643250712,6.17,-2.72,-4.66,5.3632
32698,1.7857928275,-0.0396543687,5.68,-7.85,-5.24,5.7301
32740,1.7876053794,0.5690973998,7.84,-35.83,-48.73,5.8757
32753,1.788224021,0.2827941803,3.8,-14.74,-10.4,5.8168
32759,1.7882691106,-0.5673801423,4.95,-8.84,3.73,3.4644
32761,1.7883309724,-0.9358890423,5.99,-1.99,17.58,4.5681
32765,1.7885710234,-0.8135934313,39.59,-0.99,373.96,5.2429
32768,1.7886815487,-0.8833879239,17.92,34.36,-69.11,3.1077
32809,1.7905458641,-0.2981817872,2.75,-6.87,-0.49,5.9175
32810,1.7906605277,-0.5533757364,5.02,-2.55,14.95,5.7596
32814,1.7908168768,0.2341044155,1.85,-2.09,-6.66,5.8628
32844,1.7923050224,0.7292258849,8.61,-25.45,-138.19,5.1485
32851,1.7925854172,-0.0094322351,33.69,22.09,-186.51,5.8655
32855,1.7927694398,-0.5998228974,4,4.26,1.26,5.1659
32864,1.793114052,1.1793525405,3.53,0.55,5.02,5.0838
32912,1.7952877755,-1.2385462622,5.79,3.64,26.08,5.3734
32921,1.7957292569,0.3798051409,6.64,-5.68,-34.98,5.2794
32968,1.7976899873,0.4119281156,7.05,-39.83,-8.32,5.8119
33018,1.8011317943,0.5927377222,17.25,-1.66,-47.31,3.6405
33024,1.8012879545,0.1462664243,16.05,-32.37,-31,5.8251
33048,1.8024205834,1.0375747617,6.7,-11.94,-46.32,5.4813
33077,1.8034227554,-0.3321846578,10.47,-48.6,6.66,5.7267
33092,1.8044457777,-0.352979989,2.68,-5.46,3.58,4.7485
33104,1.8051243139,1.2023275084,3.33,4.15,7.36,5.0746
33152,1.806994267,-0.4220943209,0.22,-3.83,4.98,4.0047
33160,1.8072506712,-0.2101130761,12.51,-137.26,-15.37,4.2092
33184,1.8082088924,-0.0196691702,5.91,8.66,-16.5,5.4954
33202,1.8092223928,0.2299997762,39.02,68.48,-72.98,4.7265
33248,1.810978231,-0.3561318331,6.47,0.17,-10.75,5.8223
33277,1.8121383289,0.4428884042,58,-35.91,25.65,5.8774
33302,1.8134988302,-0.3514498565,33.8,51.5,39.58,4.749
33316,1.8141919374,-0.4004038298,0.57,-2.66,3.32,5.2543
33345,1.8156257947,-0.2451043797,2.62,-1.59,6.33,5.118
33347,1.8157406554,-0.2976527589,1.3,-3.56,2.42,4.369
33357,1.8163051823,-0.8503447349,3.79,1.01,7.57,5.0215
33372,1.81702176,0.1737754471,7.18,-16.43,-10.46,5.8785
33377,1.8174739191,0.8076334209,2.59,-2.93,4.07,5.8284
33384,1.8176499031,-1.3861437964,9.26,-2.34,-1.45,5.4744
33449,1.8207128213,1.0196747522,18.29,6.08,-122.83,4.5021
33478,1.821976038,-0.429893028,26.36,-90.29,92.2,5.5373
33485,1.822205542,0.7870405556,13.54,-21.52,-3.12,4.9171
33558,1.82569481,-0.5953619281,5.53,-14.92,8.05,5.018
33575,1.8264800367,-0.4435609361,3.78,-6.47,5.08,5.5362
33682,1.8319105063,-1.185375477,11.16,-27.12,234.21,5.3277
33694,1.8328755476,1.3435098023,17.75,72.48,-14.54,4.695
33715,1.8337464985,0.2806315839,0.75,-0.29,-2.67,5.8435
33729,1.834323631,-0.1467267687,3.03,-6.57,2.59,5.9326
33779,1.8363412778,-0.8971452027,5.05,-21.56,20.75,5.2276
33804,1.8373916782,-0.4400960399,3.2,-4.79,4.54,5.5815
33827,1.8385149743,1.2358385677,6.41,12.74,-15.46,5.846
33856,1.8400971203,-0.4875549628,2.91,-5.98,4.59,3.5847
33878,1.8410600603,-0.0998691616,5.71,-16.41,6.75,5.3014
33914,1.8425942969,0.2676648989,5.46,5.96,-24.22,5.9525
33927,1.8431247506,0.4226392708,2.19,-6.74,-0.25,5.3494
33929,1.8431783502,0.3098911543,4.05,19.25,27.33,5.9755
33937,1.8437435967,0.2910243144,1.3,-12.14,-7.84,5.9432
33971,1.8453060477,-0.0739886632,2.68,-5.05,2.24,4.916
33977,1.8457928417,-0.4159695755,1.18,-2.21,3.61,3.005
34000,1.8467844714,-1.0328533112,6.61,-8.9,11.71,5.4586
34033,1.848454442,0.1911457647,5.49,-1.85,-11.66,5.2856
34045,1.848994038,-0.2728518335,7.38,-0.14,-11.36,4.0738
34059,1.8495876549,-0.8654085566,16.51,-52.78,140.27,4.9752
34065,1.8498599592,-0.7611203546,60.55,-104.1,389.07,5.7033
34081,1.8502531993,-0.7389279635,9.36,-17.46,71.63,5.2644
34086,1.8504308116,-0.0929208248,2.63,-5.04,-2.9,5.7942
34088,1.8505242699,0.3590194508,2.37,-7.29,-0.41,4.1689
34105,1.8513812122,-0.9904696639,10.84,11.13,2.39,5.1422
34215,1.8572485617,0.1603230966,3.29,42.41,-14.59,5.8898
34267,1.8596214434,0.6016863198,10.79,-54.1,-48.68,5.7102
34301,1.8617404286,-0.1971178187,1.07,-3.14,3.32,5.4112
34339,1.8636542772,-0.7137226522,4.2,-10.13,10.13,5.745
34360,1.8647817058,-0.416099314,0.47,-3.36,6.09,5.7159
34387,1.8667376146,0.1303986977,5.48,7.7,-33.84,5.9066
34440,1.8691052694,0.2780471131,10.11,-5.51,-103.51,5.6405
34473,1.8705813569,-1.2304107997,20.14,23.92,107.19,5.7817
34481,1.8707620463,-1.230443056,23.33,24.29,107.03,3.9295
34495,1.8712166776,-0.6921220736,4.48,-10.69,7.71,4.768
34579,1.8749946618,-0.4403647874,1.77,-5.07,3.23,5.6324
34622,1.8772239235,-0.0739606929,16.08,-0.47,217.36,5.0791
34624,1.8776344212,-0.4798176173,4.62,-9.7,1.8,5.6244
34670,1.8796831518,-0.8540345804,10.32,-17.22,197.13,5.275
34693,1.8812025158,0.5278797345,10.16,-31.21,-48.92,4.5603
34722,1.8822707019,0.4687373011,8.39,-18.32,-33.24,5.7979
34724,1.8823108063,-0.0052692486,11.47,-26.24,-10.45,5.5135
34752,1.8834496923,0.6862729516,6.72,47.57,3.38,5.037
34758,1.8836182981,-0.3644791272,6.98,-9.44,21.22,5.8325
34769,1.8843636578,-0.008600645,8.49,0.79,4.52,4.1544
34798,1.8858441286,-0.4527839525,3.89,-5.55,7.86,5.8611
34802,1.8861061335,-0.70683703,7.93,-18.51,-12.37,5.3261
34817,1.8868340082,-0.6378200886,3.59,-9.8,6.12,5.8963
34819,1.8868745757,0.4211253137,9.11,-18.96,-45.36,5.9435
34834,1.8874093014,-0.8161083574,46.67,-136.17,107.12,4.5642
34888,1.8898421812,-0.1963732857,4.94,-2.62,7.94,5.9022
34899,1.8902912949,-0.7885838223,17.69,-25.36,-87.51,4.8819
34909,1.8909382215,0.2820289358,6.03,14.87,-42.32,5.0026
34912,1.8910201307,0.8976003648,4.51,7.59,13.62,5.5176
34922,1.891662816,-0.7791242216,15.61,106.31,324.99,4.1465
34981,1.8947888074,-0.4599381769,1.88,-6.91,3.17,4.3786
34987,1.8951414517,0.0543045442,4.4,-4.53,-2.72,5.5307
34999,1.895737019,-0.1800525037,1.15,-2.78,1.44,5.9606
35005,1.8960566394,0.2114617494,11.08,-49.78,-16.07,5.8701
35020,1.8964561829,-0.8425040863,8.66,-4.4,0.01,4.7296
35025,1.8967325301,0.4343287097,10.86,53.75,-88.67,5.9465
35029,1.8970293269,-0.8176810358,7.02,-9.84,-0.05,5.6878
35037,1.8972210119,-0.4672715214,3.58,-11.88,6.87,3.9854
35044,1.897404749,-0.4719007926,12,-41.65,-30.7,5.7432
35054,1.8978383304,-0.7230273814,5.96,3.33,9.81,5.8946
35083,1.8995785608,-0.535580017,5.19,-13.09,11.98,5.3003
35120,1.9009119847,0.1392377791,6.01,24.36,3.09,5.8047
35136,1.9016899004,0.8245008035,59.2,29.06,-186.43,5.6685
35146,1.9020467193,1.0408811287,16.39,-100.74,-258.9,5.3698
35152,1.9022034678,0.4869019436,4.24,-12.8,-2.69,5.8356
35180,1.9034691941,-0.2720209923,12.12,-44.37,-15.17,5.4899
35181,1.9035340421,-0.8163709692,4.34,1.55,32.19,5.7866
35202,1.9047255857,-0.6687916727,5.34,-7.78,4.89,5.7621
35205,1.9049542626,-0.4866200201,8.05,-12.3,39.03,4.7283
35210,1.9050877433,-0.4069340091,2.3,-4.28,2.83,4.9479
35226,1.9060024983,-0.6386621921,4.33,-10.42,5.64,4.9692
35228,1.9060326796,-1.1860764138,4.42,-4.43,8.38,4.1197
35264,1.907395009,-0.6474732902,4.04,-10.05,6.47,2.8296
35341,1.9112973364,0.7135492901,11.73,-12.46,13.37,5.9277
35347,1.9114451116,-0.7677140074,5.51,-9.6,-5.46,5.8208
35350,1.9115432695,0.2886857528,32.33,-44.43,-36.61,3.6148
35363,1.9124736756,-0.6411286843,4.06,-10.25,5.82,4.6661
35384,1.9134611102,0.8633226882,9.35,-1.82,2.81,5.0523
35393,1.9135731653,-0.6843489617,7.05,-9.59,8.52,5.2607
35406,1.913912986,-0.6412819534,4.31,-10.12,5.33,5.0554
35412,1.9140721067,-0.4286303119,1.71,-2.21,3.16,4.8557
35415,1.9142253386,-0.4355361773,1.09,-2.31,5.02,4.3329
35427,1.9148646515,-0.4640109788,2.6,-8.65,5.62,5.456
35487,1.9175409961,-0.2861452071,23.38,165.37,-136.18,5.7864
35550,1.9203995423,0.3836642074,53.94,-15.13,-9.79,3.6031
35564,1.9214226399,-0.913014598,31.53,-35.81,148.21,5.6053
35589,1.922684868,-0.9090708913,6.79,-9.19,1.04,5.3577
35611,1.9238560041,-0.4706079827,1.31,-5.05,5.7,5.9357
35615,1.9241012839,-0.2506378088,5.41,-10.84,-0.56,5.7517
35626,1.9245411476,-0.4518949948,5.1,-12.57,12.03,5.9069
35643,1.9255009951,0.7893804844,28.18,-47.65,12.67,5.8251
35699,1.9283633404,0.3568101629,7.36,-61.46,-23.61,5.2102
35710,1.9287843327,0.6415941668,13.82,-95.82,-21.89,5.285
35712,1.9288417128,0.0030914211,2,2.11,-1.39,5.9709
35727,1.9295727567,-0.3319020117,6.78,-1.69,-6.91,4.9465
35749,1.9304357402,-0.1044196972,4.36,-12.69,-8.34,5.9136
35785,1.9323748686,0.9648436771,-5.91,0.53,-29.59,5.7836
35795,1.933003268,-0.5571752488,2.46,-7.53,4.09,5.3603
35846,1.935028662,0.4372154576,20.52,-67.66,-28.82,5.1874
35848,1.935059265,-0.4857998889,5.29,26.76,-3.86,5.496
35855,1.9352720359,-0.5620322979,2.94,-7.13,4.35,5.3442
35904,1.9377303527,-0.5114359187,1.64,-4.14,5.81,2.4215
35907,1.9379314722,0.7098680026,2.7,-4.66,-21.65,5.3785
35941,1.9397475949,0.4823709383,17.42,12.22,14.96,5.8579
35951,1.9402381993,-0.2827681834,3.48,-4.95,-20.21,5.173
35957,1.9405056537,-0.5551704961,4.94,-20.46,8.26,5.5006
35984,1.9414663645,0.9056049917,3.15,8.16,-35.76,5.9137
35987,1.9415471056,0.2036722443,10.31,-15.57,-14.83,5.4091
35998,1.9422923735,-0.2400172562,28.06,-202.62,-0.48,5.884
36024,1.9435167277,-0.4401330266,2.31,-9.11,-1.84,5.7594
36039,1.9444559376,-1.3804542595,6.99,-29.86,5.19,5.688
36041,1.9445075841,0.161898806,3.13,-4.3,-8.2,5.1588
36046,1.9448550159,0.4851716099,27.1,-122.66,-84.03,3.9507
36114,1.9476315046,-0.8904407367,5.39,-6.04,6.79,5.2581
36143,1.9491307307,-0.5958677629,3.16,-8.34,5.96,5.8476
36145,1.9491590555,0.8589052354,11.92,-10.22,-49.29,4.6188
36168,1.9503681433,-0.4029272922,2.61,-7.76,4.82,5.5706
36186,1.9509866036,-0.3118007139,10.83,-2.52,1.45,5.6871
36188,1.9510651917,0.1446774771,20.17,-51.76,-38.29,2.8546
36236,1.9535280177,-0.3989682551,3.38,-2,-1.19,5.9518
36238,1.9536338914,0.3742954351,31.23,-55.63,-120.43,5.3365
36251,1.9541624547,-0.2017053005,2.06,-3.28,-0.32,5.9204
36258,1.9547082106,-0.5088664845,3.54,-10.65,0.35,5.5418
36265,1.9549197819,0.1211620966,10.25,-2.39,-44.19,5.2924
36284,1.9554835764,0.1557794265,10.25,-61.09,10.7,4.4592
36345,1.9584892072,-0.5558596548,4.38,-9.57,3.59,5.8909
36348,1.9585128641,0.8409701073,6.53,-4.86,-44.87,5.678
36362,1.9594899686,-0.5490147761,3.05,-9.3,5.17,5.7175
36363,1.9595474001,-0.6773990202,6.06,-22,16.16,5.3536
36366,1.9596127559,0.5547368361,55.41,159.09,193.29,4.2473
36377,1.9601413383,-0.7557605692,16.84,-59.55,188.31,3.3757
36388,1.9604901912,-0.0332538817,1.46,-11.15,-9.11,5.728
36393,1.9606202227,0.4907587272,18.51,-32.68,-52.49,5.1152
36396,1.9607400146,-0.1802341621,2.52,-5.29,-4.25,5.8586
36399,1.9609944927,-0.131798082,36.71,51.56,125.15,5.9698
36425,1.9626068952,0.2095548943,5.7,-0.57,-18.85,4.7088
36429,1.9626795765,0.487229605,6.74,-30.46,-26.84,5.182
36431,1.9628710281,-0.4018498295,1.05,-3.42,5.2,4.921
36439,1.9631940982,0.866951501,49.41,111.48,-83.14,5.458
36514,1.9665940991,-0.5403937839,2.17,-11.38,0.62,4.805
36528,1.9673278096,1.1949523558,7.27,-1.27,-43.39,5.8012
36547,1.9681845373,1.4383532148,6.53,-3.94,-42.11,4.9069
36616,1.9713763568,0.2982109541,10.32,41.29,-74.8,5.6186
36641,1.9726547566,0.033414018,4.29,-1.64,-1.1,5.3051
36721,1.97729643,-0.4312844708,11.83,-3.33,19.42,5.896
36723,1.9774344224,0.0574261284,23.95,-16.16,41.81,5.6676
36732,1.9780070788,-0.3388094968,11.96,24.37,-70.27,5.8068
36760,1.979239656,0.2762278863,7.7,-28.64,-12.86,5.294
36773,1.9800737117,-0.2534898982,2.12,-6.98,4.82,4.9406
36778,1.9802978016,-0.6342247542,2.75,-7.94,4,5.376
36795,1.9811818463,-0.3891417599,39.53,-39.87,46.84,4.5496
36812,1.9821045491,0.0588479014,5.67,-2.87,-6.33,5.8305
36817,1.9823066799,-0.409692728,31.56,-89.46,-0.33,5.1662
36848,1.9834812844,-0.4714561703,10.08,-46.73,71.3,5.941
36896,1.985953208,0.5403698277,8.76,-24.31,5.62,5.5097
36917,1.9869800769,-0.4951373077,14.72,-65.93,-19.73,4.6109
36942,1.9881991073,-0.9168879207,8.31,23.07,-10.88,5.0749
36962,1.9893387913,0.4694238089,12.04,-34.12,-106.96,4.1682
36981,1.9899587892,-0.2529466139,2.57,-6.7,0.38,5.6288
37023,1.9919776079,0.8059994648,5.93,-29.33,-32.24,5.7498
37036,1.9926597696,-0.3438709357,1.93,-7.86,5.81,5.652
37043,1.9928697268,-0.8522472378,7.04,-6.98,1.07,5.6864
37088,1.9952553572,-0.0717508763,14.81,-69.75,16.38,5.237
37096,1.9956472747,-0.6103166895,9.05,-14.21,16.32,4.5064
37140,1.9979568399,0.8512653457,12.84,-33.4,-28.27,5.9843
37173,1.999714435,-0.4426990644,5.27,-3.03,-7.42,4.6539
37174,1.999726394,-0.8482552944,1.04,-3.56,5.07,5.7909
37204,2.0007899031,0.6117114433,8.77,39.69,28.17,5.7406
37223,2.0015948031,-0.6369900538,3.27,-7.23,4.63,5.7336
37229,2.0020294906,-0.4678161407,9.41,-16.64,21.28,3.7439
37265,2.0034893762,0.6036157139,19.61,-33.42,-118.17,4.9874
37297,2.0047545579,-0.6686017814,5.87,-21.11,15.81,4.7771
37300,2.0048445175,0.3084784895,6.21,3.16,1.4,5.1487
37322,2.0059526866,-0.665656852,5.7,-22.11,16.49,5.6938
37329,2.0062474349,-0.6677747648,2.84,-10.41,9.46,5.7412
37369,2.008199289,0.6692389463,2.78,-39.74,-10.93,5.8603
37379,2.0088166763,-0.2664044748,4.69,-1.4,-26.98,5.1066
37391,2.0093896571,1.5187882427,7.16,-53.74,-27.63,5.1339
37441,2.0123970221,0.840059286,10.38,-53.61,-131.26,5.748
37447,2.0125738273,-0.1666978497,22.07,-74.61,-19.59,4.0986
37450,2.012643019,-0.6725377029,5.5,-20.93,16.27,5.3684
37478,2.0140486321,0.0632651728,7.17,-3.23,-19.81,5.9508
37504,2.0150695931,-1.2672161175,23.13,33.34,14.89,4.1071
37508,2.0152639342,0.2352793561,4.19,-36.97,-25.08,5.8627
37521,2.0160893863,0.2479856294,2.52,-1.53,-11.21,5.5874
37590,2.0193571714,-0.4599161438,10.33,-2.85,-29.4,5.7978
37606,2.0200121532,-0.7883961705,40.53,-77.77,-553.5,5.1867
37609,2.0202518886,1.0246913004,12.22,-37.5,-52.29,4.9827
37623,2.02109114,-0.6291933639,5.21,-20.8,13.81,5.5594
37629,2.0215774378,0.5041221495,26.08,62.66,-230.32,4.3955
37648,2.0225744898,-0.4958647459,4.22,-13.73,30.01,4.731
37664,2.0232604101,-0.7144213754,15.03,131.44,-170.12,5.2921
37677,2.0237436009,-0.5053572058,0.59,-5.09,3.9,4.0152
37701,2.0248864707,0.8802369277,4.41,-9.38,-26.98,5.3145
37704,2.0250854295,0.4500193684,5.14,-13.81,-20.39,5.4224
37710,2.0252904893,-0.6294130871,23.28,-78.93,85.52,5.8737
37740,2.0265358685,0.4258276839,23.07,-23.39,-54.57,3.7285
37751,2.0270670386,-0.4306441421,1.26,-4.52,5.94,5.5503
37752,2.0270689764,-0.6622295042,4.85,-21.6,15.58,5.854
37819,2.03005819,-0.6626770595,2.88,-10.18,6.34,3.72
37853,2.0315034632,-0.5964933381,65.75,-221.54,1722.11,5.4757
37891,2.0330814529,-0.2541866143,13.87,-10.56,6.39,5.1162
37901,2.0334657622,-0.1181986631,12.18,48.98,-93.69,5.6414
37908,2.0338535401,0.3230633901,9.61,-75.86,-51.78,4.9991
37915,2.0340764329,-0.662067967,5.52,-19.62,12.93,5.8384
37921,2.0344880609,0.1879424871,10.82,-30.22,-24.5,5.2598
37946,2.0361635912,0.6548015133,7.53,27.79,13.06,5.2301
37995,2.0385851778,-0.393040037,1.99,-7.8,9.92,5.8304
38010,2.0394899417,-0.6721464731,3.09,-9.79,5.09,5.0403
38016,2.0398780482,0.5832151505,4.93,-19.59,-29.33,5.2343
38020,2.0399633615,-0.8134719504,2.08,-3.6,8.55,5.1672
38048,2.0418012135,-0.2128061279,34.97,-106.86,77.1,5.5798
38070,2.042411557,-0.4526891972,2.3,-10.09,4.26,4.4428
38089,2.0435076768,-0.8216579378,14.04,-101.85,-78.08,4.8605
38146,2.0465219238,-0.4348006743,11.59,-34.47,16.68,5.4547
38152,2.0468874105,-0.9845469539,2.99,-7.79,11.95,5.7366
38159,2.0473342203,-0.8178218581,1.69,-4.1,9.95,5.7746
38160,2.0473400159,-1.0521547901,28.91,-37.87,140.32,5.8749
38164,2.0474384044,-0.8093654997,1.98,-4.37,8.66,4.031
38167,2.0474641694,-0.6151117677,6.32,-5.94,8.63,5.9286
38170,2.0476827291,-0.4338850835,2.72,-4.81,-0.89,3.5109
38200,2.0489749822,-0.5810018538,4.3,-37.94,1.46,5.7047
38210,2.049379867,-1.1553376826,6.63,-2.06,0.15,5.7683
38211,2.0493923798,-0.3006874736,12.81,54.75,-117.26,5.3308
38253,2.0515310215,-0.1602812935,2.72,-0.37,0.55,5.7758
38370,2.0580604667,-0.7485406881,1.56,-6.78,7.7,5.981
38373,2.0581792855,0.0308378372,5.23,-14.43,-2.4,5.0892
38375,2.0582561621,-0.3695515164,10.67,-45.59,32.86,5.78
38382,2.0584954008,-0.2425517202,60.59,-67.75,-346.66,5.277
38414,2.0604372166,-0.7081812855,9.25,-18,5.01,3.8645
38423,2.0606377505,-0.6057343422,55.73,-198.85,238.86,5.1107
38427,2.0608617584,-0.259114702,2.99,-6.93,0.8,5.785
38438,2.0616517524,-0.948886373,2.44,-4.17,8.03,5.6423
38455,2.0622994652,-0.6782842029,5.03,-8.92,3.34,4.4288
38474,2.0629698009,-0.09473974,25.18,-20.3,-28.96,5.8573
38497,2.0641074074,-0.6346675827,4.39,-10.67,2.58,5.609
38500,2.0641167213,-0.8659115865,4.3,-7.77,15.16,4.5444
38518,2.0651726774,-0.8395548287,1.97,-5.6,5.76,4.1865
38538,2.0660216168,0.4671523484,14.66,-34.69,-30.1,5.0049
38593,2.0690159299,-0.6261769349,4.81,-2.77,3.66,5.4164
38639,2.0713232097,0.8301587366,3.88,-47.19,0.63,5.6016
38656,2.072097986,-1.0001239876,9.67,-69.89,31.97,5.779
38712,2.074864701,0.1546895297,25.63,-7.35,-89.88,5.9457
38722,2.075480401,0.3470424334,8.71,-14.72,-39.65,5.374
38732,2.0759670135,-0.7652406231,1.61,-12.23,2.51,5.9948
38783,2.0782983826,-1.0563860413,2.49,-4.74,12.14,5.887
38827,2.0803409671,-0.9247173375,7.17,-28.68,19.71,3.3939
38835,2.0806912321,-0.3993339243,6.25,-30.42,11.49,4.3403
38846,2.0811458208,-0.7592256255,2.08,-10.46,5.57,5.3028
38848,2.0812665158,0.2755941663,7,-27.09,-41.9,5.9651
38872,2.0826454429,-0.7698625609,2.98,-11.05,6.72,5.0214
38901,2.0842221407,-0.5294384193,2.69,-7.85,6.94,4.8279
38908,2.0846724961,-1.0524921938,61.71,517.51,120.02,5.7112
38917,2.0850673075,-0.7954817131,11.21,-17.8,30.67,5.3055
38957,2.0867188513,-0.8594861421,3.4,-5.34,7.12,4.377
38962,2.0871772674,0.0388252935,13.5,-161.85,98.94,5.4568
38994,2.0893450601,-1.0615875881,3.1,-4.36,11.75,5.762
39014,2.0901635178,-0.7891656836,3.32,-11.4,7.59,5.9337
39023,2.0904479299,-0.4068432763,3.79,-11.46,3.2,5.2613
39061,2.0920989049,-0.6858592311,18,-78.7,-44.15,5.3147
39070,2.0927622222,-1.057444181,3.32,-3.56,11.9,5.2633
39079,2.0932449787,-0.0642207572,11.87,-54.04,-2.8,5.0967
39095,2.0938173326,-0.3211256197,13.52,-6.38,-36.05,4.6427
39117,2.0952500396,1.2901126552,3.71,-8.74,-37.54,5.5071
39138,2.0958473078,-1.1094622214,6.53,-1.89,19.21,4.7573
39177,2.0978358516,0.3020939748,4.11,-11.48,-2.6,5.7693
39184,2.0980285748,-0.9451184088,4.25,-25.42,8.74,5.8164
39211,2.0997253594,-0.0243023825,7.25,67.6,-76.26,4.814
39213,2.0997699465,0.085168202,10.59,-30.81,18.33,5.6608
39221,2.1002672152,1.0305701277,21.68,24.74,31.86,5.8737
39236,2.1009608726,0.287199574,6.04,4.12,-5.43,5.9951
39251,2.1014875274,-0.6507238819,5.69,-1.46,4.67,5.9568
39311,2.1042819057,0.0407414684,12.84,-28.63,105.27,4.5441
39360,2.1063788881,-0.7209931655,6.8,-5.93,15.32,5.4622
39380,2.1077883125,-0.5665962022,6.91,-12.44,8.53,5.9819
39424,2.1097466607,0.4851041005,12.73,-25.52,-31.89,5.1084
39429,2.110035446,-0.6981873479,3.01,-29.71,16.68,2.1364
39487,2.1130260147,-0.5702836595,1.56,-4.8,6.6,5.2527
39538,2.1152798683,1.3871831973,10.1,-36.85,-53.27,5.3833
39566,2.116481273,-0.9269079507,8.5,2.61,-3.22,5.6742
39567,2.1165396779,0.2289587587,15.2,-35.78,-63.81,5.159
39690,2.1235089283,-0.7900414765,2.34,-4.22,11.01,5.1932
39734,2.126250722,-0.3587410095,2.11,-10.75,1.34,5.3772
39757,2.1273165334,-0.4241924449,51.33,-83.35,46.23,2.9157
39780,2.1282720385,0.3766765969,42.94,23,-66.42,5.4237
39794,2.1289992235,-1.1975949534,5.8,-29.14,29.26,4.3109
39847,2.1313017943,0.8989610785,13.04,-60.95,-3.11,4.8196
39863,2.1318947824,-0.0520767303,3.08,-18.81,-4.5,4.522
39903,2.1337274152,-1.0699166065,50.05,-150.05,-296.87,4.8438
39906,2.1337845298,-0.3358886315,7.01,-9.87,-5.55,4.3527
39919,2.134356926,-0.8497032426,3.56,-9.12,-1.47,5.6352
39943,2.1357404898,-0.2835969173,1.93,-7.67,-4.92,5.6069
39957,2.1361107783,-0.9788761985,8.28,1.34,37.87,5.7211
39961,2.1362774072,-0.7700877703,2.61,-11.93,3.07,5.1346
39970,2.1368036657,-0.8366622626,2.95,-5.91,9.66,5.159
40023,2.1400084077,0.4452017254,24.18,-73.35,-347.6,5.8748
40035,2.1409355083,-0.2408440483,44.68,-249.81,57.76,5.6364
40077,2.1431773903,-0.8458215264,3.87,-16.64,4.48,5.7728
40084,2.1435785742,-0.2256190322,18.46,-25.79,8.09,4.8789
40091,2.1439552034,-0.6914741991,1.92,-8.87,3.52,4.5587
40096,2.1442749268,-0.7502697246,0.78,-6.37,4.64,4.8043
40107,2.1447936484,-0.1356553016,11.22,-43.78,-25.83,5.5155
40155,2.146752894,-0.814097832,1.33,-4.08,7.42,5.9042
40167,2.1476792386,0.308018078,39.87,27.61,-151.73,4.7809
40183,2.1489945743,-0.8074645023,3.12,-3.92,9.06,5.9726
40215,2.1503029841,1.1950976977,4.34,-0.85,7.44,5.5047
40240,2.1517636761,0.5176050709,4.77,-11.12,-20.49,5.5974
40259,2.1525709312,-0.2755563286,3.75,-12.41,-3.35,5.1622
40274,2.1532652365,-0.6265652095,3.51,-7.3,9.75,4.7332
40282,2.1536073368,-0.8760866396,4.52,21.32,-2.06,5.6111
40285,2.1537481743,-0.8201590709,2.4,-10.11,9.88,5.0877
40321,2.1553593146,-0.6339437232,3.21,-7.77,7.82,5.0194
40326,2.1556916011,-0.7042007395,10.93,45.51,-65.6,4.5868
40344,2.1564480519,-0.6194186106,14.52,-46.03,21.48,5.9396
40357,2.1572181057,-0.7999637803,2.76,-7.93,10.57,5.7926
40429,2.1610051494,-1.0980846661,12.9,-26.68,-11.42,5.1904
40526,2.1664589236,0.1603200729,10.75,-46.82,-49.24,3.6714
40646,2.1722381851,1.0397123296,10.89,-4.62,2.18,5.6889
40678,2.1741993736,-0.6187489789,7.92,11.21,0.79,5.754
40680,2.1743004662,-1.1451671717,10.98,20.78,22.16,5.2313
40702,2.1752087028,-1.3425069551,51.12,111.12,107.49,4.1488
40706,2.1753633422,-0.6398295507,34.93,-110.33,100.48,4.5022
40772,2.1785478716,1.0909553796,7.06,-20.31,8.32,5.8873
40793,2.1796407957,1.3222067963,11.63,32.68,15.71,5.7066
40817,2.1808612984,-1.2481721489,7.5,-16.89,36.26,5.3194
40834,2.1817022296,-1.2480057528,7.79,-17.71,34.1,5.6004
40843,2.1819431676,0.4750545623,54.73,-16.36,-376.65,5.2335
40866,2.1831838165,0.3621179792,5.79,65.22,-45.56,5.9733
40875,2.1835521227,1.0078097393,30.91,57.98,14.5,5.9813
40881,2.1839995253,0.4192692197,7.13,-20.29,-18.81,5.9153
40888,2.1844895752,-1.3523609778,21,-129.05,40.89,4.5099
40932,2.1869049702,-1.0118237498,1.84,-2.58,4.49,5.9362
40943,2.1875556425,-0.6367693043,2.19,-6.88,7.29,5.1127
40944,2.1875683663,-0.3504448758,5.75,-1.37,-17.36,5.7236
40945,2.187699996,-0.5769076257,3.24,-11.11,2.85,4.9864
40990,2.1900000581,-0.3069388443,10.5,-92.08,-13.85,5.8771
41003,2.1907170658,-1.2810727017,8.56,-31.38,29.73,5.2946
41039,2.1926933983,-0.846317092,1.9,-5.1,7.76,4.75
41074,2.1940199257,-0.4598634532,-0.26,-4.32,4.66,5.9787
41075,2.1940337769,0.7537792972,8.53,-25.16,-99.23,4.3649
41080,2.1943225651,-0.1316525542,2.53,-11.47,7.8,5.9817
41081,2.1944010014,-0.9097315266,14.28,-23.16,19.43,5.9059
41152,2.1982806688,0.9288633793,19.83,-27.06,-98.69,5.5632
41191,2.2005970945,-1.4122282716,13.18,-150.33,212.87,5.8383
41211,2.2016701634,-0.0654703974,37.57,-211.08,-25.78,5.7125
41242,2.2031288622,-0.4041103394,5.78,-26.63,29.74,5.6954
41250,2.2032756847,-0.7464747057,1.82,-11.02,6.11,5.9071
41260,2.203751454,-0.4196864485,6.97,-28.91,20.26,5.4468
41296,2.2057572335,-0.9028144364,4.69,-14.31,17.08,5.1213
41299,2.2060634719,0.0366911741,3.65,-20.84,-16,5.8623
41307,2.2063631264,-0.0681789261,26.66,-66.43,-23.41,3.8987
41312,2.2066958591,-1.1543000348,30.33,-35.74,-152.22,3.9319
41323,2.2072541364,-0.735710455,4.54,-16.25,13.15,5.4028
41325,2.2074624263,0.1320259358,8.26,-34.88,-11.25,5.2929
41375,2.2098216211,-0.0695915079,19.99,-34.75,-73.26,5.667
41377,2.2098579494,0.4868397329,8.74,-33.28,-116.17,5.729
41395,2.2108963246,-0.2187689899,11.86,-90.81,-26.34,5.6825
41400,2.2110376414,0.2208690171,3.62,-19.07,-103.47,5.5917
41404,2.2112649372,0.4701129165,11.83,-9.6,0.21,5.535
41451,2.213425647,-1.2233640211,11.67,-18.53,45.53,5.5168
41483,2.2148701504,-0.9265698158,16.38,-67.05,25.05,5.1527
41515,2.2165263849,-0.6128512199,3.51,-6.71,11.61,5.6946
41616,2.2212774934,-0.8365178022,1.53,-6.9,7.12,5.2942
41621,2.2214821825,-0.7707449244,2.28,-7,6.98,5.7842
41639,2.2229304698,-0.7805954974,1.25,-5.75,6.33,4.9703
41674,2.2242515342,-0.8086412003,5.66,-25.5,14.79,5.9407
41704,2.2264605431,1.0597365381,18.21,-133.76,-107.45,3.5041
41723,2.2273760844,-0.5612854493,3.09,-12.53,1.32,5.7575
41816,2.2318813225,0.4202965138,13.05,-81.36,-44.57,5.7859
41817,2.2319084463,-0.3416908094,9.45,-32.81,-8.72,5.408
41822,2.2322591662,0.315809606,7.86,-60.85,-56.14,5.4518
41861,2.2343830802,-0.9287239158,4.35,-16.2,18.16,5.8035
41909,2.2371139367,0.3567674756,10.93,-46.33,-44.31,5.5011
42001,2.2411806961,-0.6780400401,3.91,-21.36,8.2,5.8883
42028,2.2428671468,-0.0375525906,11.07,-32.55,22.26,5.8133
42080,2.2453797034,1.136999515,21.39,-46.96,-42.39,5.5208
42088,2.2459194046,-0.8716915375,3.84,-13.32,18.58,5.158
42090,2.2459408431,0.6356440095,9.19,-25.8,-40.67,5.7824
42129,2.2482444038,-1.0162138267,3.64,-21.78,11.31,5.2101
42134,2.248540268,-1.0124531932,14.69,53.3,26.76,5.0097
42146,2.2491629935,-0.1393179574,10.77,-21.98,15.81,5.7243
42177,2.2508958551,-0.889588681,7.31,-13.41,11.18,5.7462
42265,2.2562588534,0.1685219453,6.68,-26.88,-6.87,5.9576
42286,2.2572086125,-1.0969989855,9.65,-10.13,-21.58,5.6141
42312,2.2586481367,-0.7503014052,1.79,-10.75,9.66,4.1704
42313,2.2587038464,0.099550065,20.34,-70.19,-7.9,4.1512
42334,2.2596318521,-0.4582356734,14.07,-24.49,-13.02,5.2406
42372,2.2618201367,0.9320333127,12.24,-77.14,-14.66,5.8189
42402,2.2635065148,0.0583197377,8.75,-19.48,-15.92,4.6208
42425,2.2649376358,-1.228478829,13.58,19.15,-38.28,5.199
42430,2.2651515866,-0.3955423445,51.55,-267.52,417.61,5.1865
42438,2.2654186286,1.1348251786,69.66,-27.44,88.13,5.7592
42459,2.2663003536,-0.9327008905,7.33,-23.77,23.46,5.4099
42483,2.2676547185,-0.5159343707,13.35,-24.81,-90.96,5.0306
42504,2.268755132,-0.9259806276,7.37,-25.32,22.06,5.1282
42509,2.26903852,-0.2177363569,8.4,-80.4,0.73,5.1178
42515,2.2693742935,-0.6162461035,7.84,9.84,-20.8,4.1264
42527,2.2698660347,1.1227331662,12.74,-60.05,26.4,4.7499
42535,2.2701998565,-0.9252942285,6.79,-25.35,23.21,5.518
42536,2.2702086018,-0.9236626696,6.61,-24.42,34.44,3.5371
42540,2.2703255404,-0.7027375111,11.68,-56.09,8.39,5.1869
42564,2.2714919547,-0.788733741,3.38,2.41,4.64,5.7589
42568,2.2716213078,-1.0430264725,2.26,-6.63,5.32,4.2809
42570,2.2716605814,-0.8141743656,0.67,-6.05,4.66,3.929
42604,2.2733675648,0.799950462,18.09,26.37,90.79,5.5185
42614,2.2736785408,-0.8538620014,1.65,-4.32,3.79,5.8298
42624,2.2742469295,-0.8258399065,1.28,-9.9,7.49,4.8052
42637,2.2747168114,-1.3781717779,10.53,-28.89,27.21,5.4346
42662,2.2764426891,-0.2782604382,15.4,3.71,-97.06,5.0383
42679,2.2774302258,-0.7925666806,0.43,-5.21,4.92,5.2752
42712,2.2788325948,-0.8394876436,0.72,-4.42,3.46,5.4183
42715,2.2790374845,-0.9267718387,6.53,-23.61,24.25,5.448
42726,2.2795025706,-0.9270148876,6.73,-24.83,23.21,4.7789
42795,2.2829150455,0.2213229478,3.52,-8.72,1.23,5.7192
42799,2.2829987501,0.0593179049,5.56,-19.39,-1.08,4.2274
42806,2.2832697676,0.3746976891,18,-103.51,-39.48,4.6734
42828,2.2846030842,-0.5792121459,3.71,-14.27,10.43,3.6188
42834,2.2849469508,-0.8695720856,1.76,-2.44,3.3,5.0793
42835,2.2849545341,-0.1262523688,4.24,-11.62,-1.36,4.7805
42884,2.2881241775,-0.7443711178,14.25,-23.29,18.71,4.2097
42911,2.2893709279,0.3168621473,24.98,-17.67,-229.26,4.1036
42917,2.2896570587,0.1759590739,7.71,-14.41,-18.42,5.6114
42923,2.2901579901,-0.6483419926,2.06,-8.47,4.42,5.6902
43012,2.2947614151,-1.3876165201,6.54,-25.86,81.39,5.8947
43023,2.2952282987,-0.8035764523,1.76,-12.82,4.23,3.9006
43026,2.2952863022,-0.0357577486,10.8,40.82,46.81,5.8663
43067,2.2967462134,-0.2364520572,13.31,16.12,-6.81,4.466
43082,2.2973297074,-0.8013245809,0.37,-5.27,4.13,5.52
43103,2.2981502385,0.5019567842,9.85,-21.58,-45.69,4.1992
43105,2.2982029567,-0.9908198755,5.39,-9.29,8.85,4.4402
43109,2.2985001691,0.1120310795,25.23,-228.11,-43.82,3.5004
43121,2.2991845571,0.2113607026,18.53,-64.46,-51.69,5.9352
43142,2.3005626784,-0.0331099371,8.12,-36.16,11.4,5.307
43148,2.3008419855,-0.8055641828,0.29,-4.5,3.99,5.851
43234,2.3057239852,0.101890313,9.21,-17.33,-29.41,4.3465
43305,2.3097787432,-0.0600911745,7.24,-19.21,-21.9,5.2749
43325,2.3110462287,-0.7037194758,2.58,-9.08,-0.91,5.5014
43347,2.3116630184,-0.7907722055,2.94,-11.67,13.53,4.9627
43352,2.3119431921,-0.5721260508,14.57,-1.82,-48.6,5.351
43392,2.3140899556,-0.7346055905,1.3,-5.34,3.25,5.9642
43409,2.3148891877,-0.4836317594,15.73,-134.31,87.89,4.1794
43413,2.3149948193,-0.8120876715,1,-3.69,3.36,5.0175
43414,2.31508331,-1.1657616945,19.26,92.39,99,5.4326
43496,2.31942911,-0.1252659905,7.31,-51.22,-4.92,5.5849
43499,2.3195812845,-1.0058963488,4.42,-14.78,15.79,5.5591
43531,2.3210582714,0.7631712536,12.31,-12.17,45.81,5.3154
43584,2.3238058537,0.5667803755,15.51,-4.41,13.95,5.7355
43589,2.3240962254,-0.8440254823,3.14,-13.58,-1.7,5.8593
43603,2.3247800567,-0.6758635875,4.67,-3.38,18.38,5.9084
43644,2.3272925509,1.0814446425,11.26,-10.12,22.1,5.7908
43669,2.3291905458,-1.0533748171,2.27,-10.26,8.8,5.756
43671,2.3293310372,-0.8293930263,12.94,-5.82,-26.45,5.3838
43721,2.3310838969,0.5337073274,7.07,41.6,-24.02,5.5581
43783,2.3345859871,-1.0584498962,10.2,-28.18,41.48,3.8046
43797,2.3352328765,-0.959329762,41.4,24.66,-91.5,5.8116
43798,2.3352810162,-0.318369114,7.31,17.28,6.93,5.9042
43813,2.3361002832,0.103769036,19.51,-100.06,15.46,3.2803
43825,2.3366697488,-0.4831355117,13.19,81.9,-100.43,4.9192
43834,2.3372641134,0.4874279205,6.7,-12.24,-33.79,5.3998
43851,2.338418034,0.2029129909,4.69,-14.7,-14.08,5.6177
43878,2.3401431375,-0.9201988544,9.23,-15.63,14.76,4.6388
43894,2.3409649078,0.7016497109,13.85,-81.15,-38.53,5.9841
43903,2.3414673056,1.1275530415,10.63,-32.45,-82.94,5.722
43908,2.3417870524,-1.495105485,20.1,-116.93,34.19,5.5043
43923,2.3423814613,0.7964243684,14.14,-125.42,-44.25,5.8901
43932,2.3428597584,0.5743981395,16.79,-53.49,-66.13,5.4987
43937,2.3429901343,-1.0337473283,4.84,-8.26,8.04,4.8547
43970,2.3441890308,0.2674318634,21.87,61.47,19.4,5.2761
44001,2.3456616599,0.271943839,21.68,60.89,19.57,5.7504
44066,2.3495911061,0.2069571695,17.32,43.23,-29.63,4.3023
44075,2.3506519676,-0.2815782623,47.54,244.14,213.94,5.9193
44093,2.3512803907,-0.8244031845,14.51,-85.6,56.45,5.2287
44127,2.3527648189,0.8384971792,68.92,-441.29,-215.32,3.188
44143,2.3536042001,-1.0312172667,37.85,-174.69,281.35,5.264
44154,2.3542080561,0.5658120645,11.03,-43.78,-35.03,5.3905
44191,2.3565901092,-0.7200135558,15.5,-40.08,54.59,4.5767
44248,2.3590125941,0.7292586395,62.23,-474.31,-204.21,4.0591
44256,2.3595213154,-1.0640198562,2.49,-4.23,7.41,5.9631
44283,2.3611750411,-1.1987605182,4.61,16.78,0.66,5.9791
44299,2.362075914,-0.730669709,7.6,-18.3,15.19,5.5135
44307,2.3623125396,0.5629087364,6.99,0.48,0.34,5.9128
44337,2.3637992621,-0.9108649604,8.85,-13.33,13.54,5.1965
44356,2.364776817,-0.0084271762,6.65,-48.18,69.36,5.8062
44382,2.3668700027,-1.1588260808,26.11,-2,-95.51,4.0505
44390,2.3673010322,1.1803587521,10.37,-22.83,18.13,4.8084
44405,2.3681403253,0.4267841854,8.31,-2.48,-7.67,5.4493
44471,2.3720158026,0.8230389704,9.1,-36.19,-55.4,3.5778
44504,2.3736770783,0.9474323806,8.36,-2.96,2.82,5.7586
44511,2.3743255916,-0.8220101748,10.89,-47.45,-9.75,3.9211
44599,2.378653262,-1.2671560524,8.14,-8.81,-5.26,4.5979
44613,2.3797641688,0.8470145403,10.3,-12.95,-18.02,5.5818
44626,2.3808023383,-1.2311294313,3.37,-4.11,8.87,4.6135
44659,2.3822564659,0.0888781425,3.64,-19.58,-11.07,5.1558
44700,2.3846861185,0.6711183742,3.99,-26.57,-14.46,4.7278
44798,2.3899974717,0.1861954794,6.14,-21.24,-9.28,5.2066
44816,2.3910848699,-0.7580422876,5.99,-24.01,13.52,2.3385
44818,2.3911062714,0.5175639041,11.92,-32.51,2.79,5.5805
44824,2.3913088666,-0.451316609,5.82,35.65,0.3,4.7275
44857,2.3928124535,1.1671598491,6.26,-22.68,-40.11,5.2735
44883,2.3941693753,-0.1499152934,5.31,-21.38,-3.09,5.5879
44901,2.3949106691,0.9006724007,34.7,-136.33,-32.6,4.5355
44923,2.3957733645,-0.3198944031,11.95,-63.31,20.23,5.7381
44936,2.3963008748,-0.2156826883,7.2,20.11,0.52,5.9223
44946,2.3970303864,0.3847656383,8.74,-1,-0.52,5.3182
44961,2.3980518402,-0.1533730922,6.77,-17.5,-6.03,5.6305
45001,2.3995667618,-0.5299741593,15.39,-1.93,-48.99,5.6476
45038,2.4015385997,1.1717135088,49.07,13.13,-90.93,4.8936
45058,2.40264973,0.5404101185,6.97,-11.12,-33.42,5.45
45075,2.4038224628,1.1085245977,25.82,102.37,-63.55,4.7392
45080,2.4040532521,-1.0291670805,7.3,-16.64,15,3.3666
45085,2.4045112096,-0.7830927989,0.69,-4.92,4.75,5.0543
45101,2.4054104446,-1.0876371071,6.01,-37.48,14.59,3.8999
45122,2.4066191618,-0.8130429484,3.28,-8.41,8.29,5.7132
45127,2.4071687973,-0.6851965565,2.99,-20.77,10.06,5.9803
45158,2.4084649879,-0.3446630961,10.73,-56.68,45.79,5.8821
45189,2.4107753811,-0.7611955358,4.71,-22.72,12.87,5.5322
45219,2.4125995123,-1.0369693395,6.89,5.4,15.62,5.6833
45270,2.4154248031,-0.826211644,6.4,-25.34,14.28,5.9077
45290,2.4164250727,0.7542948707,5.61,-27.87,-35.46,5.2541
45314,2.4178795046,-0.7704904951,6.2,-24.77,13.1,5.8124
45328,2.4185918024,-0.9698742494,5.1,-33.65,30.2,5.4285
45333,2.4187755341,1.0720404803,51.1,-6.98,-32.15,5.3096
45336,2.4188658557,0.0404048092,28.74,114.64,-313.94,3.8713
45344,2.4190630495,-0.7544625831,5.33,-24.89,12.22,5.1955
45410,2.4226534842,0.2607790089,5.37,-40.32,-11.27,5.5162
45418,2.4229284751,-1.0190694747,5.5,-16.75,0.9,5.9802
45439,2.4243177269,-0.6731720579,14.52,-70.78,-10.08,5.0852
45448,2.4249218819,-0.6529822371,19.81,14.42,-7.56,4.727
45455,2.4252665063,0.9903256029,4.53,-24.16,-28.89,5.4003
45461,2.4254804135,1.2731559437,11.35,-85.74,-55.89,5.9923
45493,2.4268278749,0.9428567436,27.9,49.43,59.92,4.8668
45496,2.4268877692,-1.0042875484,6.68,-27.15,-14.18,4.4359
45505,2.4276829858,-0.7725830107,0.98,-3.08,5.41,5.2411
45526,2.4290166665,-0.1526248455,4.82,-16.2,-0.44,5.4629
45527,2.4290417496,-0.1108834735,13.29,26.49,3.66,5.3985
45544,2.4301599919,-0.6876851155,9.45,-29.81,-34.06,5.4748
45556,2.4307657471,-1.034548472,4.26,-18.86,11.98,2.2822
45559,2.4309332762,-0.2543652914,9.04,-17.23,-4.62,5.986
45571,2.4316363775,-1.1988592055,30.64,-106.57,-30,5.4888
45581,2.4322046112,-1.3071536947,9.3,-19.38,28.91,5.3092
45585,2.4323805912,-1.3043661681,12.2,-29.28,35.25,5.8697
45590,2.4326374115,0.8171142739,7.67,15.72,12.1,5.9823
45631,2.435162668,-0.8910062115,7.45,-20.39,14.66,5.2487
45661,2.4366210154,0.6172204218,11.5,-49.08,-20.35,5.9862
45675,2.4378149065,-0.8999032814,0.76,-5.44,3.83,5.972
45688,2.4384189434,0.6423317424,26.13,-32.33,-125.64,3.8299
45743,2.4415055737,-0.2763647608,7.22,37.44,-52.76,5.9483
45751,2.4424718492,-0.2090011203,9.68,-27.65,12.76,4.9348
45811,2.4455717793,-0.1667771956,14.66,-12.48,-27.37,4.9696
45856,2.4475937753,-1.0891663136,13.96,-13.96,-0.19,4.9557
45860,2.4480758091,0.6002628077,16.06,-223.63,15.18,3.252
45902,2.449976761,-0.4531820076,6.49,-12.24,-9.29,4.7991
45915,2.4509731674,0.9895885646,4.34,-13.4,-11.89,5.7694
45920,2.4514682828,-0.9689172844,12.32,-64.84,76.62,5.6759
45924,2.451528726,-0.7364371095,5.68,59.45,-50.23,5.6437
45941,2.452684233,-0.9601177539,5.7,-11.4,11.52,2.4131
45962,2.4539325666,-0.8036805282,6.14,-3.14,24.06,5.8972
46026,2.4574480497,-0.5032468941,16.98,-128.25,20.7,4.8744
46107,2.4616217863,-1.4100027234,17.2,-138.46,135.06,5.4411
46146,2.4637707171,0.4569697974,16.2,-31.64,-48.2,4.6163
46221,2.4670259698,-0.0893151063,3.63,-12.27,-5.88,5.7219
46225,2.4672685236,-1.0812421566,12.92,-115.79,54.79,5.8085
46283,2.4709482532,-0.9316381843,7.6,-19.59,11.32,5.0651
46358,2.4744767817,-1.2496922578,16.16,-103.33,81.33,5.6276
46371,2.4753348485,-0.3899662038,20.83,174.78,-148.99,4.8881
46390,2.4765677899,-0.1511225285,18.09,-15.23,34.37,2.135
46404,2.4774161172,-0.1059594394,32.88,-233.71,-66.17,5.5035
46454,2.4803584325,0.1580704704,30.15,36.98,5.78,5.5324
46457,2.4804905706,0.1429140735,8.05,-29.89,-30.91,5.8866
46460,2.4805926838,-1.1641693234,12.88,-34.86,45.72,5.9102
46471,2.481276031,0.7959014632,11.65,-7.5,-128.77,5.5618
46509,2.4833736311,-0.0483273987,57.69,99.01,-2.67,4.6967
46511,2.4836510965,-0.3621408868,2.74,-19.21,6.46,5.7707
46515,2.4838025999,-0.627469387,4.59,-24.69,5.04,4.6623
46578,2.4866955758,-0.4640763685,4.13,-21.98,0.9,5.6546
46594,2.487467101,-0.8991446397,7.54,-19.29,12.04,5.4293
46620,2.4887997523,-1.0186073894,3.37,-31.17,23.69,5.9025
46651,2.4901567308,-0.7062804417,53.15,-147.98,61.35,3.6577
46657,2.4904453222,-0.5565710269,8.04,22.31,-20.12,5.7795
46701,2.4924286228,-0.9954379173,13.65,-32.54,5.87,3.2811
46733,2.4937533192,1.1006359636,41.99,107.99,27.15,3.7327
46734,2.4937986278,-0.5562683903,8.5,-49.39,-0.82,5.9852
46735,2.4938173106,0.6126718083,6.8,-55.13,-96.71,5.4868
46741,2.4940990133,-1.2755026532,4.13,-25.16,2.38,5.584
46750,2.4946020316,0.4008683656,9.91,-20.17,-39.47,4.4252
46771,2.4955875664,0.1972227364,15.13,-89.98,-81.85,5.1437
46774,2.4956450259,0.1695726674,6.53,-9.63,-13.22,5.2163
46776,2.495743355,-0.0206761154,6.3,-12.6,-3.99,4.5926
46811,2.4972222376,-0.7094644929,7.7,8.74,-5.97,5.498
46813,2.4973065059,-0.3385995657,8.65,-34.07,9.42,5.7834
46853,2.4996260257,0.9019617607,74.19,-947.46,-535.6,3.277
46880,2.5010911782,-0.3685395234,9,-20.51,15.04,5.1798
46897,2.502081891,-0.3990523938,12.46,-69.9,54.67,5.9327
46914,2.503424636,-0.8553002293,3.93,-23.57,7.09,5.0847
46928,2.504075151,-1.4126920781,5.7,-34.81,14.18,5.0221
46950,2.5051875205,-0.8945734316,3.61,-8.55,7.08,4.9442
46952,2.5055202786,0.6352581938,17.63,6.88,-21.91,4.697
46974,2.5064864691,-1.0337544667,2.46,-10.74,6.6,4.0868
46977,2.5066540885,1.2187661087,31.32,-63.84,77.25,4.6937
46982,2.5069212741,-0.1032328501,5.76,9.35,-57.55,5.7211
47006,2.508146851,0.9084712339,12.44,-65.74,-37.32,4.4948
47013,2.5084300112,1.2602300679,20.37,71.58,-76.06,5.8886
47029,2.5091909711,0.691524636,15.14,-29.87,20.3,4.9647
47080,2.5118216841,0.6250157896,87.96,-728.71,-259.81,5.5435
47168,2.5163902968,0.5438767206,5.7,2.56,-44.12,5.6704
47175,2.5168852784,-0.8614095026,30.94,-130.55,42.98,4.3954
47187,2.5176554625,-0.441513277,10.47,-62.71,36.04,5.8534
47189,2.5178258457,0.286896511,2.81,-14.98,-2.03,5.8983
47193,2.5180266593,1.4194138111,3.28,-16.62,-16.41,4.4258
47199,2.5183551827,-0.5616227403,11.66,31.33,-14.39,5.7859
47204,2.5185592843,-0.936691796,13.98,-24.62,-9.39,5.4884
47205,2.5185616298,0.1193067798,13.28,-68.07,12.54,5.1697
47267,2.5221050683,-0.7538228722,6.87,24.17,-31.1,5.6731
47300,2.5235851584,0.7023164186,26.61,-13.26,10.85,5.3448
47310,2.5239922717,0.081147587,11.04,-163.18,-50.88,4.821
47391,2.5278942319,-1.0703773611,14.45,-34.09,18.55,4.4918
47431,2.5300972095,-0.0199431384,12.39,46.96,-62.39,4.052
47452,2.5320639779,-0.2501448684,7.48,-23.41,-21.1,5.0159
47479,2.5338255714,-1.0120042332,13.78,-43.28,7.09,5.3665
47498,2.5352436697,-0.9993657752,8.86,76.33,-41.72,5.9641
47508,2.5357538067,0.17265493,25.03,-143.2,-37.2,3.6282
47522,2.5363289015,-0.411749724,6.44,-29.29,2.7,4.7213
47544,2.5376436712,0.5459013015,4.22,14.65,-9.56,5.9861
47559,2.5385770315,-0.9636620722,1.74,-12.58,3.84,5.9498
47570,2.5394817278,0.6939074534,9.39,-49.04,-48.67,5.7766
47592,2.5405210033,-0.417416585,66.61,-399.57,262.92,5.0366
47594,2.5405400374,1.2084259374,6.61,-66.18,-69.54,5.8861
47654,2.54361656,1.2610472515,6.82,-27.47,-27.52,5.3153
47701,2.5462369489,0.5231576398,20.4,-16.94,-102.72,5.6795
47717,2.5468936236,-0.9405816993,9.51,-66.95,33.07,5.5496
47723,2.5470099918,0.2447249545,5.34,5.81,-4.8,5.4483
47758,2.5490628416,-0.4846703067,9.61,-53.23,37.24,4.8997
47854,2.5536223173,-1.0909690686,2.09,-12.88,8.19,3.9414
47908,2.5562603005,0.4149394314,13.22,-45.61,-9.21,3.1168
47943,2.5576375455,0.117087412,1.66,5.67,-23.54,5.8895
47956,2.5583922485,-1.3399936622,17.69,83.95,-56.12,5.5935
47959,2.5586044761,0.2061234047,6.37,-15.61,17.18,5.7974
47960,2.5586267263,0.031166107,12.41,-55.93,-40.32,5.7313
47963,2.5591167265,-0.7811231387,3.27,-13.34,-0.78,5.5094
47965,2.5592100297,0.997071514,5.9,-1.53,33.09,5.1354
48002,2.561717018,-1.1357209802,2.27,-11.51,4.71,3.0186
48113,2.5681927033,0.8032220491,54.44,221.66,-92.47,5.2071
48224,2.5741542237,-0.7981872394,3.87,-24.78,9.57,5.0645
48287,2.5774127843,-0.8191528658,5.65,-39.39,31.71,5.8977
48310,2.5784038501,-1.0951092296,2.99,-12.29,8.25,5.728
48319,2.5787015511,1.0304267611,28.06,-295.2,-151.73,3.8476
48339,2.5795990794,-1.0371736511,4.23,28.7,-40.92,5.926
48348,2.5801611094,-0.8062365844,10.09,-49.43,33.01,5.7868
48356,2.580809816,-0.2591211793,12.36,18.88,-21.85,4.2725
48374,2.5816829091,-0.8124096518,3.09,-23.81,9.35,4.7497
48390,2.5825800167,0.4257869432,24.12,24.31,-174.71,5.3556
48402,2.5835498296,0.9435997936,6.41,-6,19.16,4.5812
48437,2.5853032084,-0.1414574613,11.75,-57.28,-49.26,5.0859
48455,2.5864294232,0.4539092653,26.28,-217.31,-54.26,4.0498
48519,2.5905723531,0.1039966507,3.51,-3.17,1.77,5.975
48527,2.5910948,-0.8926785694,1.42,-13.69,0.67,5.8925
48559,2.5927184934,-0.4526071929,9.54,-184.25,56.43,5.0366
48561,2.5930988336,-0.7903466495,3.27,-16.57,4.92,5.6828
48613,2.5955420002,-0.87692282,10.77,-35.98,6.67,5.7248
48615,2.5956127261,-0.3317743457,5.31,-44.09,-37,5.0366
48682,2.5993047211,0.8695194531,15.68,-4.57,20.31,5.3087
48748,2.6031200422,-0.5832637227,6.35,34.23,22.24,5.9936
48774,2.6043043033,-0.9523877276,2.05,-13.08,3.55,3.5031
48833,2.6078960261,0.7165570913,35.53,-117,-26.8,5.2114
48883,2.6102410454,0.2172034263,6.53,-25.66,-15.56,5.2563
48926,2.6130735123,-0.6264149539,30.02,-89.65,-17.23,5.3078
48982,2.6162687438,0.5174085227,9.51,-94.28,-38.03,5.9155
49005,2.6173917337,0.9915542834,6.52,-30.73,-28.57,5.6299
49029,2.6189264943,0.1403991188,8.03,-31.41,-22.15,4.7614
49065,2.6211867194,-1.4349180049,8.69,-26.34,31.27,5.5479
49081,2.6224313979,0.5571913823,66.46,-527.63,-429.42,5.5094
49220,2.6302809239,0.3830870411,3.46,-14.79,-6.23,5.6102
49339,2.6369755536,-0.4238636111,14.25,-116.93,23.17,5.7772
49363,2.6380902619,0.9405880495,19.71,-22.43,-4.76,5.8215
49402,2.6403553613,-0.228021585,10.4,-39.39,19.65,4.5736
49485,2.6449898506,-0.8267601115,13.57,-10.29,-51.81,5.2149
49569,2.6492272522,-0.2991772964,8.53,15.25,-56.62,5.719
49583,2.6499882042,0.2925637063,2.57,-2.8,-1.82,3.5034
49593,2.6504079273,0.6151359185,35.41,52.9,0.62,4.5375
49637,2.6524873149,0.1744921495,11.04,-81.44,-64.73,4.5114
49641,2.6526310683,-0.0064861385,11.51,-25.83,-4.25,4.4798
49698,2.6560157144,-1.148697747,8.83,-63.56,39.25,5.427
49712,2.6569913424,-0.9042771101,2.45,-14.96,0.48,4.8151
49764,2.6594599191,-1.1987415709,4.78,-17.89,20.27,5.817
49809,2.6620604938,-0.2236754276,36.05,-124.04,-108.76,5.3846
49812,2.6621767154,-0.1467501281,5.47,-30.6,-1,5.9162
49841,2.6642012413,-0.215615174,28.98,-201.27,-99.63,3.7748
49865,2.6656894599,-0.1469279477,6.89,-1.85,-43.71,5.7919
49934,2.6693699647,-1.013347938,2.56,-10.56,6.81,5.7201
50027,2.6738730061,0.0805415392,7.84,-49.93,-4.18,5.9367
50070,2.6763810729,-0.8941834474,19.27,-40.58,-13.24,5.3442
50078,2.6767565063,-0.9033091965,9.55,-53.31,7.47,5.8282
50083,2.6769483839,-1.1584245819,10.6,-34.25,11.26,5.2187
50099,2.6779371328,-1.222392336,9.54,-36.01,7.09,3.2783
50191,2.6823000812,-0.7351686827,32.18,-150.09,49.44,3.8653
50241,2.6857379914,-0.7524505562,6.43,22.51,-53.02,5.706
50303,2.6888600228,0.5115657743,12.51,-70.9,-23.47,5.5064
50333,2.6907705563,0.2396052802,5.57,-22.47,-14.12,5.5108
50335,2.6908180521,0.4087094811,11.9,18.39,-6.84,3.5096
50371,2.6925343724,-1.0704509185,4.96,-24.73,7.2,3.5298
50372,2.692601377,0.748998759,23.72,-180.65,-46.07,3.4586
50384,2.6932467026,0.4032837384,43.85,-414.15,-97.66,5.9175
50414,2.6949262897,-0.1408292369,16.86,-160.57,2.91,5.3281
50448,2.6966900833,1.1363554871,12.57,-89.49,-8.66,5.7981
50456,2.6970864259,-0.5060063216,1.23,-15.86,11.14,5.6079
50480,2.6985892595,-0.7272524785,6.13,-28.1,3.62,5.9534
50493,2.6993086607,-0.9793160276,27.73,-239.64,116.05,5.9113
50520,2.7012693162,-1.1288141711,12.45,-34.41,12.43,5.6815
50555,2.7035706583,-0.9604427228,1.76,-14.21,3.41,4.7165
50564,2.70411935,0.3398406688,46.8,-231.73,-214.33,4.8871
50583,2.7051266664,0.3463057904,25.07,304.3,-154.28,2.1684
50609,2.7064764828,-0.8325063402,1.94,-9.17,3.86,5.7605
50676,2.7092465988,-0.9781387853,2.84,-18.3,1.47,4.4508
50685,2.7098729593,1.1998743102,8.11,-54.28,-33.74,5.9466
50786,2.714761862,0.7195969281,25.36,-119.41,-138.31,5.8479
50799,2.7154127792,-0.7269315168,16,-27.24,60.46,4.9905
50801,2.7154271176,0.7243017488,14.16,-81.47,35.34,3.1544
50847,2.7182179088,-1.1676518895,8.12,-22.39,11.48,4.9278
50860,2.718811195,0.5918089507,13.46,-12.37,-5.38,5.945
50885,2.7202780311,-0.071105501,9.6,-49.42,3.93,5.9225
50888,2.7204893388,-0.6633945734,24.12,-159.22,-53,5.4067
50933,2.7232851418,1.1443508429,9.61,-9.04,-20.68,4.9313
50935,2.7233400844,0.5884994645,7.69,-13.84,-2.43,5.6838
50954,2.7244400919,-1.292094208,61.64,-16.29,-27.67,4.0753
51008,2.7281815246,0.1533261055,3.18,10.77,-38.1,5.6925
51046,2.7303022307,-0.1232227351,8.22,-135.58,129.3,5.7078
51056,2.731067001,0.5898560751,13.98,-73.66,-59.21,4.7931
51069,2.7318406159,-0.2938453052,13.93,-129.17,-79.76,3.9567
51140,2.7349989351,-0.9577898199,1.61,-13.41,4.67,5.7197
51172,2.7364694417,-0.5422354415,8.91,-81.61,10.53,4.4113
51192,2.7375837103,-1.0059870753,0.06,-6.51,3.82,4.7785
51232,2.7396393294,-1.0251960825,2.43,-14.47,2.36,3.8953
51233,2.7396645982,0.6406663534,21.19,-127.68,-110.31,4.3599
51313,2.7439918906,-1.1200176547,1.23,-16.87,2.05,5.3486
51362,2.7466196079,-0.0478053863,10.13,-48.86,-13.43,5.1787
51364,2.746640155,-0.5177319195,9.08,-59.7,9.52,5.7181
51376,2.7471044939,-0.5341941643,7.51,-29.47,1.66,5.5682
51384,2.7475997663,1.4704766381,24.61,-128.72,-41.05,5.5863
51420,2.74936335,0.6793719067,4.32,-15.29,-4.85,5.8237
51437,2.7501664285,-0.0111172549,8.06,-39.23,-22.83,5.0315
51438,2.7503534699,-1.2565099982,12.52,27.59,-30.73,4.7402
51459,2.7516398707,0.9770460926,78.25,-176.71,-33.21,4.9366
51491,2.7532465597,-0.2371635002,6.24,-34.09,-0.99,5.5885
51495,2.7534077582,-1.2779564124,3.16,-7,7.66,5.0495
51502,2.7536220793,1.44091832,46.51,-83.79,20.1,5.3451
51523,2.7548738614,-0.9375209329,45.85,-419.27,209.18,4.9982
51556,2.756992183,0.5651295443,12.82,17.74,7.49,5.9439
51561,2.7574346444,-0.7865625164,5.99,-14.83,0.5,5.646
51576,2.7577281295,-1.0766126368,6.75,-17.01,11.5,3.3225
51585,2.7584782299,0.2467408452,4.7,-41.13,25.01,5.5148
51624,2.7611599773,0.1624307113,0.6,-5.93,-3.4,3.7965
51635,2.7617566998,-0.8203635548,2.49,-24.38,6.4,5.1802
51658,2.7630014572,0.7055587832,28.88,-141.66,8.17,4.7827
51685,2.764232942,0.6106680539,4.77,-28.42,-3.28,5.5857
51718,2.7664116696,-0.4144322032,4.09,-10.01,20.35,5.1978
51775,2.7698428714,0.1213634184,12.26,-101.84,56.68,5.2374
51802,2.7708694495,0.1509786425,7.61,-52.68,-4.23,5.6889
51808,2.7711165819,1.3214408557,13.19,-45.77,-15.16,5.0205
51814,2.7714099464,0.9962783771,37.7,66.79,36.63,5.2383
51821,2.7716464842,-0.6904975753,3.73,-31.02,3.5,5.3747
51839,2.7727622778,-1.3719651655,7.81,-37.61,11.08,4.2102
51849,2.773278333,-1.0045702489,2.77,-15.93,0.49,4.5941
51912,2.7765689942,-1.0395930711,12.42,-40.02,-39.43,5.247
51933,2.7774168118,-0.213427358,39.88,268.46,-672.57,5.8223
51979,2.7804403037,-0.4784416344,6.69,-113.62,21.27,4.9627
51986,2.7807645029,-0.8416957894,37.26,-133.41,-1.82,3.9098
52004,2.7814058799,-1.0250902846,-0.16,-8.17,3.8,5.5513
52009,2.7818546541,-0.233602735,4.8,42.59,-37.72,4.9456
52043,2.783993725,-0.9993111454,3.24,-16.15,1.74,5.8482
52085,2.7863463823,-0.2945528792,15.49,-98.92,25.84,5.0625
52098,2.7869426689,0.5580903238,5.64,0.07,7.79,4.8298
52102,2.7870735628,-1.0329381947,1.39,-15.08,1.9,4.8515
52136,2.7885812179,0.9366919043,7.19,-89.96,-79.5,5.709
52139,2.7887303828,0.6616562586,19.11,-220.5,-45.31,5.9694
52154,2.7895024789,-0.9704602953,3.88,-18.8,4.85,4.4504
52221,2.7933604534,-1.136213535,6.23,-16.91,13,5.4585
52338,2.8004029867,1.1945654715,6.35,-29.65,-24.71,5.8947
52340,2.8006408469,-1.392481315,3.52,-17.16,6.26,5.953
52353,2.8010194596,1.1469686361,14.38,-162.36,-75.37,5.2821
52370,2.8022820322,-1.1251518739,7.19,-17.46,11.54,4.7131
52405,2.8042040695,-1.0335100621,0.54,-7.1,3.4,5.4461
52407,2.8043956797,-0.5709962055,5.34,-31.39,0.03,5.6397
52419,2.8054296405,-1.1238956867,7.16,-18.36,12.03,2.6536
52422,2.805758344,0.4594700961,20.67,-96.65,-48.14,5.5699
52425,2.8059105293,1.2056079131,7.81,0.32,-12.89,5.1467
52452,2.807137254,0.0828638757,5.9,21.82,-34.83,5.9399
52457,2.8074369971,0.4047136529,14.23,-115.3,7.62,5.0951
52468,2.8079662518,-1.0570870613,2.86,-14.75,3.1,4.676
52469,2.8080251412,0.8064125865,26.96,-269.66,-66.29,5.2594
52478,2.8087668711,0.998316612,8.82,18.82,-51.22,5.7899
52487,2.8093412008,-1.1213574949,2.78,-15.95,4.39,5.7604
52502,2.8104845806,-1.1163317994,6.63,-16.31,12.44,4.7563
52577,2.8146359546,1.1765505733,2.63,5.83,1.45,5.9741
52595,2.8155342673,-1.4044581341,9.36,-17.28,-29.25,5.6254
52633,2.8177712235,-1.4056917193,9.3,-36.86,5.9,4.3818
52638,2.8181185696,0.5355089371,8.53,-25.59,-36.64,5.3479
52678,2.8199123641,-1.1259919361,6.85,-15.39,10.65,5.3021
52686,2.8204874933,0.3297210023,17.48,96.01,-41.29,5.6653
52689,2.820550455,0.2477460419,11.35,-124.72,-64.37,5.6448
52701,2.8208601114,-1.1216055416,6.85,-16.69,9.65,5.2075
52727,2.822060834,-0.8625438986,27.84,63.22,-54.21,2.8299
52736,2.822433327,-1.1237040044,6.79,-17.96,9.65,4.8036
52737,2.8224930021,-0.3018866408,15.84,-16.5,-17.93,5.477
52742,2.8228878792,-0.990599854,6.2,-20.79,-0.35,5.1147
52841,2.8284610792,-0.5530573856,6.99,-29.95,2.37,5.8905
52911,2.8329189968,0.1840495346,8.57,-3.31,-24.52,5.3385
52922,2.8335752308,-1.0353952593,4.43,-17.7,-6.19,5.8646
52943,2.8345188462,-0.2826409277,22.69,93.35,198.88,3.2707
52965,2.8359452173,-0.594427726,7.55,-40.75,7.43,5.626
52980,2.8374733482,-0.1552946271,10.5,-4.62,-15.91,5.851
53043,2.8413293443,0.9875463285,9.13,-68.33,5.89,5.8328
53064,2.8422510603,1.0353335606,11.97,-30.28,-50.12,5.7321
53154,2.8471303516,-0.9990336937,0.53,-6.75,3.87,5.3042
53229,2.8506055401,0.5971742861,34.38,92.02,-285.82,3.9531
53252,2.8513939768,-0.3514770247,32.46,81.24,-239.08,5.3358
53253,2.8514001135,-1.0271832446,34.33,79.01,38.47,3.9412
53261,2.8517602813,0.9526906289,4.99,-66.44,-9.84,5.2767
53272,2.8523137545,-1.2343027442,4.29,-28.95,0.14,5.9697
53273,2.8524323839,-0.0371622699,10.43,-83.72,13.98,5.6105
53295,2.8535192226,0.7538079702,13.24,42.97,-23.62,4.668
53316,2.8549063928,-0.2401234269,6.62,-5.93,8.08,5.8073
53377,2.8578472119,0.5940211949,11.25,-57.94,-44.83,5.894
53417,2.8606563113,0.4319647074,11.37,-80.03,-15.36,4.3235
53426,2.8612100603,0.5848073965,13.77,-112.35,-27.4,5.1911
53449,2.8624478217,0.1079553226,8.39,-23.9,-6.42,5.6114
53502,2.8654667557,-0.6481710033,17.16,76.14,-124.43,4.7656
53530,2.8672764806,-0.8860172495,9.71,-37.3,13.42,5.9631
53699,2.8764294271,-0.5888296538,20.61,-3.65,-57.44,5.7951
53721,2.8774818506,0.7056387602,71.11,-317.01,54.64,5.1572
53723,2.877680983,-0.2854255677,4.93,-42.93,-9.05,5.9607
53740,2.8788296167,-0.3193794981,20.49,-462.26,129.49,4.2458
53762,2.8797517354,-0.7645787395,10.69,-62.94,9.91,5.7957
53773,2.8804656464,-0.736980451,16.62,23.28,4.29,4.4145
53778,2.8806440369,-0.2457999325,7.01,-8.72,-29.28,5.9929
53781,2.8808620058,0.7945832923,3.95,10.26,2.03,5.5963
53807,2.8822395956,0.0631378726,9.05,14.82,-16.51,5.0103
53824,2.8830535663,0.1064913251,21.57,-52.73,-23.23,5.0399
53838,2.8834642884,0.6843808074,8.66,-80.36,-16.58,5.1326
53907,2.887768615,-0.0433626544,5.58,9.76,-35.56,4.8314
53910,2.887821107,0.9840575548,40.9,81.43,33.49,2.3499
53954,2.8899584384,0.3522030053,25.73,-8.67,39.07,4.4298
54029,2.8939688498,-0.197278216,9.63,-81.61,-108.01,5.6682
54137,2.8995228492,-0.8321587283,11.41,-115.57,32.26,5.742
54173,2.9011887915,-0.6249097082,6.3,-22.54,4.83,5.4399
54182,2.9016993318,0.1280394894,34.49,-344.28,-47.65,4.7041
54204,2.9030666965,-0.4763631048,23.13,-190.41,-5.96,5.0086
54255,2.9057948437,-0.4762621582,4.71,34.76,-17.04,5.6709
54301,2.9083348054,-1.0895067155,8.19,-36.93,9.46,4.7809
54327,2.9096041486,-1.2370533935,3.96,-22.35,3.36,5.5667
54336,2.9099315284,0.03413399,15.82,-382.49,-85.53,5.6681
54360,2.9115550589,-0.7441871271,11.89,-83.03,41.4,5.1614
54461,2.9171728114,-1.0811822476,0.23,-5.78,1.74,5.1932
54463,2.9172738933,-1.0293086553,0.52,-4.97,1.67,4.089
54477,2.9179030874,-0.4900992109,17.97,-72.79,-22.16,5.4595
54487,2.9182693391,0.4303711378,7.08,10.91,5.69,5.7308
54522,2.9204530336,0.6337191828,8.54,-44.41,-22.06,5.691
54537,2.9218669288,0.7541175287,5.95,-66.49,-6.87,5.9495
54539,2.9219618312,0.7766462675,22.57,-62.02,-27.41,3.1638
54561,2.9229451818,-0.5649186921,8.27,16.9,-29.74,5.8019
54682,2.9306613406,-0.3983819823,9.59,2.52,-100.22,4.4775
54746,2.9345635656,-0.8569754803,19.84,-98.54,33.72,5.4263
54751,2.9347726113,-1.0527412522,-0.02,-5.68,2.15,4.718
54767,2.9354453104,-1.1199739945,10.43,-47.71,4.91,5.2026
54811,2.9375847383,-0.774441351,5.19,-5.3,1.87,5.8697
54829,2.9387556605,-1.040553373,1.48,-6.87,-0.63,5.709
54840,2.9393824216,-0.929071977,7.69,-16.42,36.55,5.9025
54849,2.939831147,-0.0012131588,6.18,-45.72,1.34,5.4033
54863,2.9410111838,0.1406902079,16.51,45.97,-107.08,5.959
54872,2.9413460901,0.3582119659,55.82,143.42,-129.88,2.5932
54879,2.9419299658,0.2693001643,19.76,-60.31,-79.1,3.3288
54951,2.9461334704,0.4030929527,3.4,-25.56,-6,4.6076
55016,2.9490171634,0.2322613143,8.44,4.77,-7.63,5.469
55084,2.9524981636,-0.0637309491,17.71,-110.37,-37.16,4.5165
55137,2.9552328075,0.0350968799,9.82,55.24,-142.61,5.2803
55219,2.9604242288,0.5776034304,8.17,-26.84,28.69,3.6375
55266,2.9632740572,0.6664665807,17,-58.8,-65.33,4.8035
55282,2.9641888635,-0.2579429748,17.56,-124.67,207.59,3.7179
55425,2.9714552059,-0.9510476067,9.12,-35.85,-1.72,3.8358
55434,2.972022865,0.1052320645,14.82,-92.97,-11.48,4.0345
55560,2.9793943927,0.7589169198,6.12,-37.42,-14.26,5.1537
55581,2.9807434958,-0.9909869242,4.29,-32.44,5.53,5.8294
55588,2.9810734418,-0.6311942698,3.09,-25.39,0.1,5.1327
55597,2.98170824,-1.1336739246,8.08,-22.6,7.03,5.0797
55598,2.9817548533,-0.327771136,23.32,-305.37,-27.56,5.179
55642,2.9841762309,0.1837778952,42.24,141.45,-79.14,4.0331
55650,2.9846829506,0.0245701137,9.22,-15.96,0.26,5.5479
55657,2.985325849,-1.261115612,3.28,-25.85,-2.33,5.5884
55687,2.9871750427,-0.1895319816,8.67,-25.65,24.96,4.9202
55705,2.9883660728,-0.3086443251,39.62,-97.42,3.65,4.1269
55716,2.9888026528,0.1994965397,6.65,-105.13,-7.03,5.9432
55756,2.9910238948,-0.6294199265,11.9,-107.64,17.77,5.3764
55763,2.9912854882,-0.6588189942,7.31,-40.92,-11.27,5.8976
55765,2.9915277468,0.2872209875,22.77,-142.24,-4.65,5.6728
55779,2.9920444191,-1.1165275353,36.74,-315.13,-65.7,5.2826
55797,2.9930349061,0.9747723298,10.63,-72.45,49.14,5.8948
55831,2.9958165327,-1.0666609624,2.39,-13.84,1.58,5.2543
55849,2.9966797735,-0.9278162587,5.33,-40.46,16.29,5.9091
55945,3.0016921433,0.0498516779,5.8,16.89,-9.81,5.116
56000,3.0045193787,-0.7448056114,4.66,-34.33,6.26,5.135
56034,3.0066323349,0.6865591626,15.33,-53.63,13.63,5.3437
56035,3.0066716887,1.0782257656,30.03,-114.47,239.3,5.9175
56078,3.0091401736,-0.4269783755,7.32,-45.05,16.07,5.7994
56080,3.0093739663,0.26901432,7.45,-28.79,-48.12,5.8937
56127,3.0120660779,-0.0524202467,5.4,19.35,-15.82,4.8877
56146,3.0128077666,0.3213105488,10.36,-81.21,25.44,5.7126
56211,3.0168225896,1.2100563449,9.79,-40.97,-19.19,3.9165
56243,3.018406819,-1.0374597265,0.57,-4.31,1.72,5.234
56250,3.0186056573,-1.0387440363,0.61,-6.89,1.12,5.2534
56280,3.0206134949,-0.510707307,38.03,-19.56,144.79,5.0478
56290,3.0209290951,1.0660951303,35.73,-16.48,-96.1,5.5729
56319,3.0229203817,-0.7057472024,5.84,-74.9,58.81,5.7266
56332,3.0233575052,-0.5425746169,8.39,-28.9,4.98,5.2285
56343,3.0238017656,-0.5560186839,25.16,-209.62,-40.84,3.7025
56391,3.0264928354,-0.7083716041,8.46,-83.21,27.1,5.43
56445,3.0297502059,0.0534143175,36.73,-183.04,-102.93,5.861
56473,3.031236699,0.2931614913,1.72,-10.6,-0.3,5.8912
56480,3.0314705161,-0.9470877617,7.65,-56.17,16.19,4.5994
56497,3.0322917401,-0.8576015115,17,-172.27,189.55,5.6612
56510,3.0328657143,0.9561851702,7.43,6.86,17.81,5.8
56518,3.0334809827,-0.8268071671,4.52,-87.81,-7.46,5.7005
56561,3.0359222943,-1.0999034371,7.77,-33.41,-7.08,3.1068
56573,3.0365497041,-0.8315013901,16.18,32.77,-49.95,5.3291
56583,3.037063122,1.2099191287,13.73,109.72,-126.61,5.3514
56601,3.0381775901,0.4848752096,13.97,24.11,15.83,5.8737
56606,3.0385004848,-1.0655660461,2.01,-13.05,1.78,5.807
56620,3.0394126706,-0.5859065893,8.96,29.56,-33.9,5.8757
56633,3.0398507578,-0.1710816023,11.63,-59.38,2.55,4.6695
56647,3.0410129527,-0.0143789716,17.97,1.76,43.37,4.4671
56656,3.0412945183,-1.0695979193,13.95,-228.51,1.94,5.3028
56675,3.0423955991,-1.3246445272,24.09,-127.94,-1.82,5.7279
56700,3.0437124212,-0.8333489427,9.23,-67.93,29.64,5.6263
56754,3.0461356515,-1.0790769465,11.44,-58.96,-2.7,5.1374
56770,3.047103995,0.7614088526,21.51,-146.07,-35.5,5.6465
56779,3.0476073686,0.1419700263,6.56,-3.89,5.3,5.2234
56802,3.0485053033,-0.2304227249,37.41,99.52,125.99,5.5959
56862,3.0521178541,-1.1414060392,6.5,-28.2,-7.21,5.1795
56922,3.0552585167,-0.6064086334,7.27,-43.24,-1.61,4.6774
56975,3.0577518047,0.3726773909,12.08,-61,-46.24,5.4221
56986,3.0582279236,-1.0836767511,3.67,-14.75,1.54,5.0972
56997,3.0589095136,0.5969472843,104.04,-12.55,-380.75,5.4478
57013,3.0601334791,-0.7521614589,15.27,-81.83,4.44,5.5582
57029,3.0611984701,0.5540719346,24.3,-351.12,29.62,5.8389
57047,3.0618858175,-0.5672201803,8.08,-6.38,-32.66,5.3532
57111,3.0651201683,1.1649166693,5.42,-45.05,39.89,5.4797
57175,3.0696850766,-1.0906457561,0.46,-5.74,1.3,5.153
57283,3.0751071768,-0.3202786432,9.24,27.79,-24.86,4.876
57328,3.0773794348,0.144132341,26.73,60.08,-24.5,4.8964
57363,3.0788020574,-1.164638027,25.65,-100.35,33.49,3.684
57371,3.0793428412,-0.7974434717,4.72,-41.67,5.08,5.2447
57380,3.0798931342,0.1139667516,11.1,-18.96,-181.56,4.1388
57399,3.0807340494,0.8339067425,17.76,-138.29,28.57,3.855
57439,3.0827495349,-1.0677637973,8.37,-21.87,-16.41,4.2658
57443,3.0828512046,-0.7068816407,108.45,-1530.99,403.67,5.0211
57477,3.0845500985,0.9708964275,15.13,13.14,-31.8,5.4251
57512,3.0862634687,-1.006994712,4.64,-25.97,19.59,5.5273
57562,3.0888642046,0.143917497,16.9,-53.22,11.47,5.3329
57565,3.0891765176,0.3528870936,14.02,-145.49,-4.34,4.6286
57581,3.0902864789,-1.1661394871,7.59,31.25,-15.25,4.863
57606,3.0920522523,0.2493062724,16.74,-102.27,3.58,5.9509
57613,3.0925129347,-0.466871276,5.98,-34.13,-10.36,5.0461
57632,3.0938781373,0.2543352565,90.91,-497.68,-114.67,2.1605
57669,3.0965841039,-1.1133191681,5.48,-20.76,4.3,4.2717
57670,3.0966358158,0.6096738637,14.4,-117.96,7.75,5.8347
57696,3.097714141,-1.2256711841,3.44,-7.66,-0.94,5.1325
57741,3.0999436353,-1.0934380156,-0.19,-5.14,1.25,5.7611
57757,3.1009618419,0.0308116416,91.5,740.23,-270.43,3.7136
57791,3.1024849815,-0.0930842385,10.94,-0.32,0.54,5.7926
57803,3.1029591823,-0.7884254291,7.53,-72.46,-7.85,4.6271
57841,3.1053491982,-0.5381564896,32.08,-11.53,-292.17,5.9745
57851,3.1060514255,-1.1380575519,9,-33.88,-5.13,4.8497
57870,3.1074419351,-0.9946252141,9.72,-107.43,34.76,5.5879
57936,3.110653874,-0.5918085159,10.53,-56.56,0.19,4.2517
58001,3.1146666759,0.9371498813,39.21,107.68,11.01,2.4286
58082,3.1185039656,-0.4487951192,11.4,47.58,74.45,5.4294
58103,3.119777703,-1.1044300213,0.58,-8.35,0.1,5.9641
58110,3.1200052273,0.1473739493,19.02,-30.46,15.42,5.7286
58159,3.122723276,0.2730883388,6.59,9.95,3.42,5.5709
58181,3.1240235646,0.987831269,10.54,8.58,-2.29,5.9943
58188,3.1242108904,-0.2993380834,12.97,-49.74,-7.58,5.1725
58326,3.1314143401,-1.0899360544,5.34,-23.75,-4.3,5.5171
58379,3.1339748067,-0.9829225676,4.28,-21.79,1.17,5.423
58427,3.136332579,-1.1229371038,0.2,-6.38,-0.41,5.6577
58484,3.1399703424,-1.3652282733,9.02,-40.34,-8.3,4.8769
58510,3.1413689387,0.0637955717,10.68,-18.42,-7.67,5.3676
58576,3.1448191334,-0.1822968327,78.35,141.75,-483.64,5.6883
58587,3.1453138443,-0.3431142515,1.03,-16.17,6.81,5.2072
58590,3.1454025814,0.1154429634,8.49,0.26,-30.1,4.6939
58654,3.1488308647,0.6290564006,9.73,-84.29,-77.01,5.7563
58684,3.1508329504,0.7512850951,29.18,-348.72,56.53,5.29
58720,3.1530650388,-1.2076329457,9.46,-38.83,-6.56,5.869
58758,3.1548061907,-1.1050193489,13.88,-152.35,7,4.3862
58803,3.1575416697,-0.7406093041,39.49,323.67,-111.92,5.2408
58858,3.1602513804,0.374533055,9.9,35.73,-4.64,5.9552
58867,3.1604449601,-1.1024496308,3.82,-17.63,0.66,4.6931
58884,3.1618782376,-1.192564223,9.39,-39.14,-5.82,5.347
58905,3.1624394195,-1.3355115401,6.84,-77.86,46.65,5.1622
58948,3.1643306252,0.1524169099,19.98,-218.69,57.76,4.2802
58952,3.164481094,1.3422621847,10.3,147.68,-91.65,5.9523
59072,3.1716161638,-1.1277207425,50.62,33.88,-37.02,4.2219
59151,3.1757784289,-1.3154034342,7.68,-92.5,19.47,5.3231
59173,3.1768814921,-0.8842056941,7.44,-35.16,-6.47,4.4016
59184,3.1775704167,-0.8498439303,5.44,-20.11,-6.29,5.3382
59196,3.1780659373,-0.8852730576,7.86,-49.94,-7.19,2.5241
59199,3.1782992992,-0.4315986283,66.95,99.52,-39.19,4.0991
59229,3.1804144909,-0.7736326578,9.6,-46.87,-42.89,5.8135
59232,3.1804697264,-0.7196269068,2.05,-11.51,-7.76,5.4871
59309,3.1854812583,0.101350626,22.7,-160.35,18.69,5.8042
59316,3.1857731851,-0.3947898488,10.26,-71.74,10.25,3.1761
59394,3.1898714556,-0.4119391116,17,-66.2,-20.48,5.475
59449,3.1924363537,-0.9140012762,8.61,-34.92,-16.81,3.9086
59468,3.1933126538,0.4515228804,3.68,-38.36,-30.53,5.7995
59501,3.1946287839,0.3585273799,7.67,-14.76,-17.29,5.7594
59504,3.1948188751,1.3546581111,29.96,11.4,20.2,5.2282
59517,3.1955514397,-1.098698255,0.08,-5.07,-0.52,5.9994
59607,3.2001381554,-0.6794420031,2.29,-28.3,-11.01,5.7185
59608,3.2002062251,0.1791119741,19.93,-93.46,-7.65,5.9207
59654,3.20287749,-0.7980331196,5.71,-35.35,5.56,5.4459
59728,3.2070121233,-0.3638005023,12.07,0.38,6.57,5.9864
59746,3.2076630895,1.2252224726,7,-24.53,-27.83,5.8826
59747,3.2076793268,-1.0253617674,9.45,-35.81,-10.36,2.7066
59774,3.2088932061,0.9954066109,40.51,104.11,7.3,3.3353
59803,3.2105671816,-0.3061653709,21.23,-158.61,21.86,2.5477
59819,3.2114229065,0.2600391354,16.42,-81.53,-31.12,5.1214
59831,3.2119538874,0.7096553841,4.23,16.81,-31.29,5.7722
59847,3.212900644,0.41792648,13.08,-26.55,-6.22,5.0956
59856,3.2136002012,0.5770372336,10.31,-53.69,-111.22,5.1576
59920,3.2179189748,0.9283657802,9.46,38.21,-44.24,5.9575
59923,3.2179942461,0.5050477287,18.2,-33.85,36.11,5.7662
59929,3.2182879714,-1.1861374812,10.82,-231.04,-26.39,4.0506
60000,3.221655562,-1.3842602319,10.93,-37.97,11.15,4.2039
60009,3.222044529,-1.1170638759,9.12,-33.8,-10.15,3.9952
60030,3.2230630262,-0.0137382663,8.73,33.84,-16.5,5.9541
60044,3.2237733176,1.3117990666,10.22,-35.46,4.62,5.4903
60059,3.2244833165,-0.9624264796,6.6,-68.69,-11.05,5.1071
60122,3.2280390419,0.8549343838,5.53,-13.63,6.18,5.3751
60129,3.2284512488,-0.0116369299,12.29,-57.58,-25.19,3.8992
60170,3.2302932041,0.4646023015,20.26,-66.81,-110.22,5.6915
60172,3.23039737,0.0578179909,10.59,-292.95,-63.58,5.1251
60189,3.2313106248,-0.3877394477,7.85,-108.97,-27.31,5.1743
60202,3.2319929421,0.3105403765,11.25,-108.81,89.44,4.8881
60212,3.2325556009,1.009922368,5.13,48.05,-70.79,5.6708
60221,3.2329108858,-0.2367669851,16.21,-4.93,9.86,5.3085
60260,3.234808597,-1.0542027753,14.19,-170.93,91.67,3.7319
60320,3.2381229277,-1.1784828353,9.89,-30.5,-6.1,5.2128
60329,3.238460912,-1.1921855219,9.98,-0.06,-48.69,5.8972
60351,3.2397906347,0.4511009729,11.07,-11.42,-7.92,4.9014
60379,3.2411834973,-1.0066378625,9.02,-37.11,-12.44,5.3502
60425,3.2435198633,-0.4335506271,9.85,-20.03,-19.67,5.8305
60449,3.2445270452,-0.6180675005,7.34,-41.17,-7.44,5.3054
60463,3.2452060297,-0.6791311834,9.73,-55.78,-13.12,5.7779
60485,3.2464202076,0.8999306709,8.44,12.64,11.43,4.9223
60514,3.2476606486,0.4555067316,12.33,-28.29,3.07,5.1852
60584,3.2509101481,0.990960565,3.8,-14.29,-12.8,5.8838
60595,3.2515339212,-0.2026416768,14.18,-60.62,-31.34,5.9675
60610,3.2522584465,-0.6141185479,7.43,-40.56,-6.29,5.6998
60646,3.2543843455,0.6810047602,12.47,-78.27,-33.6,5.1772
60697,3.2567897479,0.4759209655,11.82,-14.2,-10.32,4.9937
60710,3.2573507614,-0.8979825724,7.28,-30.66,-10.13,4.7661
60735,3.2587983651,-0.5729924231,6.43,-6.09,-30.49,5.5719
60742,3.2591353191,0.493380489,19.5,-83.95,-81.13,4.5164
60746,3.2593517717,0.4681971664,11.74,-10.75,-8.88,4.9999
60781,3.2615023153,-1.0296006045,7.36,-13.82,5.92,5.3605
60795,3.2619567954,0.9723709613,7.82,-21.62,-11.04,5.774
60823,3.2639410768,-0.8766894414,7.92,-32.36,-12.51,3.8436
60855,3.265400925,-0.6813963998,7.47,-28.01,-13.76,5.4365
60904,3.2677448931,0.4522652176,13.72,-21.94,-15.46,5.2424
60941,3.2700964276,0.420780047,16.23,-18.22,1.71,5.5714
60957,3.2712723255,0.3647072287,11.9,26.02,-31.5,5.7199
60965,3.2719093518,-0.2882427674,37.55,-210.49,-138.74,2.9449
60969,3.272070132,-0.9865468232,6.41,5.64,11.59,5.8666
60978,3.272303182,1.0193687396,11.94,-64.08,90.04,5.4208
60998,3.2729840326,1.207789843,5.25,-61.59,-54.67,5.0608
61015,3.2737622107,-0.4135805552,3.32,-25.27,0.58,5.727
61071,3.2768969863,0.4287783425,12.09,-12.41,-8.73,5.4711
61136,3.2797896339,-1.0371429551,2.33,-12.84,-3.39,5.6217
61174,3.2815451373,-0.2826711778,54.7,-425.17,-57.23,4.3853
61199,3.2832632867,-1.2589579249,10.04,-51.34,-5.4,3.7903
61212,3.2838432872,-0.2418847339,26.2,-146.33,-54.07,5.8265
61281,3.2876943477,1.2180340414,6.65,-58.79,10.68,3.8414
61296,3.2880744307,-0.2239314762,20.26,-17.64,52.09,5.736
61309,3.288411541,0.5802811377,11.19,21.4,-31.47,5.5863
61317,3.2888615374,0.7218117631,118.49,-704.75,292.74,4.3682
61318,3.2889855083,-0.1649698757,12.62,-83.46,0.22,5.4867
61359,3.2916352739,-0.408348104,22.39,1.11,-56.56,2.8099
61379,3.2930331649,-0.7796824941,35.31,-77.07,-206.53,5.9048
61384,3.2931501584,1.2221104856,5.42,-30.44,-1.89,5.0822
61394,3.2936630311,0.3949538655,10.52,-58.89,28.31,4.7908
61404,3.2939063474,-1.1825807934,2.97,-12.01,-2.37,5.8298
61418,3.2948734657,0.3207391918,7.24,-0.48,22.24,5.1936
61468,3.2976261488,-0.715968045,28.15,-107.09,0.63,5.1872
61498,3.2987503946,-0.6958531169,13.74,-56.66,-24.99,5.7935
61558,3.3021171832,-0.1017850049,14.49,-28.18,-20.22,5.9056
61571,3.3029159168,0.2982694119,5.14,-36.17,-17.72,5.8343
61585,3.303841641,-1.2066426928,10.34,-40.2,-12.8,2.6109
61621,3.3061064103,-0.473658948,29.13,80.17,-94.28,5.4916
61622,3.3061137794,-0.8472053013,24.85,-186.26,-6.01,3.8752
61658,3.3090316932,0.0323707057,6.62,-80.38,-16.92,5.7286
61724,3.3122973136,0.3676113872,11.93,-78.2,-8.81,5.6508
61740,3.3128394488,-0.1395478782,11.11,-77.13,-24.73,4.8251
61789,3.3155846301,-0.6979090242,8.94,-43.38,-25.25,4.6037
61910,3.3216541295,-0.2271357643,12.67,-120.63,9.26,5.202
61916,3.3221647765,-0.8053948742,3.6,-71.33,58.77,5.9643
61932,3.3227581995,-0.8545112049,25.06,-185.72,5.79,2.146
61941,3.3233979411,-0.0252989299,85.58,-614.76,61.34,2.8213
61960,3.3243437214,0.1786491592,27.57,82.67,-89.08,4.9058
61966,3.3246047377,-1.0417139155,3.41,-24.66,-3.66,4.9034
61968,3.3246456698,0.1187983518,13.98,-72.16,-10.99,5.5779
62012,3.3274383038,-0.8519481778,17.11,-123.84,-30.17,4.8254
62027,3.3285088943,-1.1005804682,2.68,-12.88,-3.82,5.3375
62058,3.3298854812,-0.9804595881,8.54,-31.75,-11.87,5.9724
62131,3.3336188946,-0.4943446348,7.91,-29.9,-38.74,5.6142
62223,3.3385115222,0.7930815345,3.12,-1.4,13.24,5.3059
62267,3.3406417842,0.1339246099,12.91,-107.95,4.1,5.2975
62268,3.3406995486,-1.0643220336,27.17,112.93,-64.62,4.8538
62322,3.3435323214,-1.1887104886,9.55,-41.97,-8.89,2.9789
62325,3.3439330065,0.16651819,22.15,279.34,-453.41,5.8138
62327,3.3439599075,-0.9859151954,8.48,-33.03,-14.84,4.5756
62356,3.3451237317,0.2893345605,9.6,14.15,16.58,5.2699
62402,3.3480451381,1.0957375821,16.59,19.92,5.85,5.9494
62423,3.3491662126,1.1657109171,4.4,1.62,-4.39,5.5515
62500,3.3529490194,-0.4816625319,10.18,-153.55,-62.77,5.8138
62512,3.3538927722,1.0527808088,41.59,109.74,-23.64,5.9399
62541,3.3549734185,0.2464864474,8.17,27.76,-18.82,5.7177
62561,3.355889793,1.455915115,8.13,-31.66,7.26,5.8827
62572,3.3563990155,1.4558290249,5.59,-41.33,14.63,5.3944
62576,3.3566690228,0.480878808,10.76,-91.6,22.56,5.7831
62608,3.3586643154,-1.2563969957,6.98,9.74,-5.95,5.7159
62641,3.3605446172,0.6547931579,9.11,-88.85,21.58,5.9303
62683,3.3627540092,-0.5933991687,8.15,-30.21,-14.11,4.8977
62703,3.3639696763,-0.921313847,9.82,-25.34,-12.11,5.7522
62732,3.365429797,-1.0529534053,0.98,-4.5,-0.97,5.8116
62763,3.3671712115,0.4806764893,11.22,-8.77,-7.72,5.0579
62786,3.3682636613,-0.6925533606,7,-25.89,-19.25,5.964
62867,3.3733561291,-0.854220915,11.08,-79.19,-24.26,4.4793
62886,3.3741410937,0.3707955534,11.52,-37.66,-30.14,5.0514
62894,3.3744413778,-1.0529307171,0.69,-4.39,-1.44,5.8444
62896,3.3747501648,-0.7012526735,21.95,70.84,-22.54,4.3163
62931,3.3764065929,-1.0537641791,-1.32,-3.6,-1.89,5.9675
62985,3.3787519275,-0.166486024,5.99,-18.08,-19.52,4.8309
63003,3.3798051948,-0.9979424596,7.87,-30.69,-13.08,3.9538
63005,3.379897092,-0.9977810656,8.01,-32.49,-10.92,5.11
63007,3.380064263,-1.0323040512,8.5,-32.92,-14.6,4.5656
63024,3.3813235182,0.8237384684,4.69,-17.24,-6.11,5.6709
63031,3.3814553162,-1.4856839921,9.27,67.2,24.76,5.6111
63066,3.3829907064,-0.7490202918,4.93,-37.65,-12.81,5.5509
63076,3.3836520041,1.1421181097,34.14,-4.8,-30.09,5.3073
63090,3.3842285625,0.0592992848,16.44,-469.99,-52.83,3.4405
63117,3.3857307477,-0.9919719174,0.74,-5.1,-0.56,5.3713
63125,3.3860726301,0.6687795565,28.41,-235.08,53.54,2.8471
63143,3.38722171,0.9442141029,11.54,-77.69,3.47,5.9036
63210,3.3906206313,-0.8935861685,8.85,-30.15,-14.61,5.1524
63355,3.398698991,0.3038506605,10.06,-37.4,34.14,4.8555
63414,3.4019045483,-0.0665309367,12.83,-49.49,8.99,5.8511
63432,3.4030484927,1.1623422897,5.22,-139.8,-15.76,5.5285
63462,3.4045908996,0.5373002513,4.94,-22.49,-6.98,5.0453
63503,3.4065616913,0.9837780663,39.3,107.94,2.05,5.0063
63608,3.4129012157,0.191272411,29.76,-273.8,19.96,2.998
63613,3.4132660849,-1.2487621175,35.88,264.17,-22.75,3.7698
63688,3.4168718397,-1.2474867048,3.26,-11.51,-2.86,5.9425
63724,3.4189071464,-0.8644133445,14.79,-47.55,-11.52,4.8466
63738,3.4198291807,-0.3592500154,35.45,142.96,5.28,5.6918
63901,3.4284420585,0.6248078339,9.58,-37.04,19.5,5.1822
63916,3.4290105152,0.7900841949,7.54,-13.88,25.21,5.7937
63945,3.4307886472,-0.845843343,8.36,-29.85,-15.17,4.6551
63950,3.4312143461,0.3947287342,4.43,27.36,-42.3,5.405
63972,3.4321206977,-0.7258546402,9.47,44.53,-14.48,5.7606
64003,3.4335156532,-0.6259068862,13.02,38.54,-85.33,5.6541
64004,3.4335471917,-0.8710277838,6.98,-26.15,-12.03,4.2058
64022,3.4347140002,0.4821455761,9.84,33.68,-69.18,4.9175
64053,3.4367220496,-0.9330480377,9.99,-37.35,-20.24,5.6901
64078,3.4378479646,-0.1874550821,10.61,15.81,-10.34,5.3154
64094,3.4388192293,-1.1398050259,0.26,-4.26,-2.18,5.4825
64122,3.4406612275,-0.1568043733,10.3,-37.07,-64.76,5.7306
64166,3.4429006957,-0.4034847403,14.09,-20.08,-39.81,5.1032
64179,3.4435653321,0.1749250626,10.58,21.9,-0.53,5.9557
64238,3.446807974,-0.0966725528,10.33,-36.28,-31.22,4.369
64241,3.4469925602,0.3059407189,56.1,-433.13,141.24,4.4292
64332,3.4520388111,-0.7371019024,11.78,-76.48,-26.06,5.8965
64348,3.4530835673,-0.756923207,14.67,-114.74,-20.38,5.407
64394,3.4552372412,0.4865286405,109.54,-801.44,882.04,4.3607
64407,3.456005331,-0.2827067414,29.49,97.32,-287.65,5.1332
64408,3.4560040346,-0.6597891949,48.38,-381.72,45.75,4.9825
64425,3.4570339481,-1.0458106539,8.61,-29.71,-17.4,4.5502
64445,3.458148227,0.2016932188,3.89,-52.28,-30.13,5.8831
64466,3.4592983084,-1.1558751235,11.02,25.65,7.85,5.9281
64515,3.4618156769,-0.8848781804,8.91,-32.34,-16.94,5.9112
64540,3.4632409473,0.7007993937,7.1,-51.21,14.75,5.1081
64577,3.4652763048,-0.3478674153,25.66,-119.59,159.61,5.4722
64583,3.4656005257,-1.0315394963,54.95,-248.81,-154.51,5.0087
64607,3.4667506115,0.1977769559,6.82,69.07,-53.9,5.764
64661,3.4699325551,-1.1849836754,8.52,-36.46,-11.36,4.7571
64692,3.471172269,0.7130572713,13.5,-119.47,11.53,5.8342
64725,3.4731021088,-0.348067914,25.99,303.48,-114.86,5.3748
64792,3.4766023027,0.1644744686,56.95,-333.83,190.24,5.314
64803,3.4770675638,-0.5498847707,12.66,33.64,-48.65,5.2673
64820,3.478516464,-1.1655906147,2.73,-14.98,-6.64,5.0187
64822,3.4785810541,-0.7675860547,15.41,3.43,-12.29,5.8814
64823,3.4787046991,0.2386850685,10.05,7.41,43.23,5.482
64844,3.4799419745,0.7081248058,12.34,-125.28,18.47,4.7902
64852,3.4802073865,0.0954668055,4.83,-6.06,9.14,4.8642
64906,3.4829892661,0.867114742,11.87,-34.12,19.33,5.1358
64924,3.4837478695,-0.3195455329,116.89,-1070.36,-1063.69,4.866
64927,3.4839468033,0.5951274794,6.51,29.07,5.85,5.9579
64962,3.4859499991,-0.4044174415,24.37,68.99,-41.85,3.1521
65072,3.492039912,0.7007593979,6.41,-57.81,-2.82,5.7608
65109,3.4932812673,-0.6407466857,55.49,-341.11,-86.14,2.7717
65112,3.4934113559,-0.9206225188,7.98,-30.48,-16.54,5.4194
65144,3.4948591497,-0.818211371,7.89,-73.73,20.49,5.9232
65198,3.4980527838,0.0364314907,14.77,-59.58,-52.6,5.7157
65241,3.5000927133,0.0899691198,15.17,-69.44,-35.39,5.9238
65247,3.5005697741,-0.9107643161,0.95,-4.18,-1.41,5.8719
65271,3.5021471189,-1.0644476203,9.2,-36.31,-15.5,4.477
65301,3.5038317615,-0.3095377004,10.66,-49.71,-29.39,5.5196
65378,3.5077787053,0.9586293363,38.01,119.01,-25.97,2.254
65387,3.5081440428,-1.1263589984,12.53,28.9,-21.52,4.68
65420,3.5105215433,-0.0901274379,33.37,157.91,-35.25,5.8582
65466,3.5129612514,0.4163384865,11.43,-9.58,-7.84,5.7862
65468,3.5130103802,-1.3070333982,14.75,-107.8,-132.25,5.2101
65477,3.5134507307,0.9597216255,39.91,120.21,-16.04,4.0506
65479,3.5135031028,-1.1254771758,25.51,-154.55,-22.31,5.4087
65522,3.516140221,-1.2326780668,7.35,-55.53,0.7,5.6555
65535,3.5173939709,-0.6938550327,16.04,167.72,-57.79,5.2982
65536,3.5174219073,1.2634699953,2.78,22.55,-9.76,5.9196
65581,3.5199832724,-0.2217896815,7.41,-129.31,-20.83,5.3888
65593,3.5209198805,-0.7242691386,1.67,-9.09,1.68,5.8335
65595,3.5209995727,1.3725931693,11.41,-140.67,30.78,5.8885
65639,3.5231825772,-0.2787924495,11.64,-121.74,20.62,4.9272
65721,3.5274522528,0.2405096496,55.6,-236.02,-575.73,5.1033
65728,3.5275415356,1.0462498896,14.01,-78.67,34.76,5.4734
65790,3.5308764342,0.1888166283,10.18,-59.44,-35.79,5.8173
65810,3.5317650416,-0.8929997169,6.43,-1.76,-7.86,5.0692
65835,3.5330422611,-0.4063363437,8.05,-57.68,12.86,5.4789
65936,3.5388491118,-0.6877867814,3.6,-15.67,-10.49,4.0636
66006,3.5428690141,-0.1091827464,8.16,-103.94,-43.87,4.7615
66065,3.5456336182,-0.5007823386,13.97,-96.49,-21.82,5.7151
66091,3.546777274,-0.2681351475,6.34,-76.31,-0.49,5.6871
66098,3.5472428827,-0.1774111112,13.87,-31.91,-38.93,5.3724
66198,3.5522777178,0.9660126843,10.92,-19.41,-5.93,5.6008
66200,3.5523199141,0.0638620334,17.65,45.51,-24.7,4.9329
66234,3.5537356827,0.8554889431,18.09,-128.38,28.05,4.7197
66247,3.5546887141,-0.2306331534,6.75,-47.39,-7.87,5.9343
66249,3.5547815209,-0.0104010854,44.03,-280.48,49.05,3.4147
66257,3.5552172369,0.6489559807,21.9,84.63,-9.34,5.0194
66320,3.5583836121,-0.0941848063,10.29,16.08,82.4,5.8648
66400,3.5639993834,-0.4624291097,12.26,-85.87,13.74,5.7994
66417,3.5647695258,0.4295831787,7.11,-26.2,-2.02,5.8021
66435,3.5656389019,1.2434121182,7.93,-36.69,-6.45,5.6647
66438,3.5657222698,-1.076721045,27.99,147.12,-120.05,5.7357
66454,3.5665437772,-0.8103186788,7.91,-27.38,-17.01,5.8727
66458,3.5668491774,0.6334644685,16.42,-95.54,23.75,4.8684
66563,3.5722618135,-0.5159311928,21.61,-85.72,-76.84,5.9088
66634,3.5757854528,0.9236469454,18.66,-136.39,56.58,5.5045
66640,3.5760839632,0.1875583437,16.67,-114.96,-11.74,5.6573
66656,3.5770949009,-0.6990318533,6.57,-48.56,-54.91,5.7645
66657,3.5774357455,-0.9331640675,7.63,-15.3,-11.72,2.2097
66666,3.5779175069,-0.8717919781,6.35,-100.11,18.74,5.5197
66681,3.5787105129,-1.1270734942,14.4,-69.79,0.6,5.8843
66727,3.5808700713,0.3482920259,9.94,-45.88,22.71,5.743
66738,3.5811460141,0.9543750343,6.23,-19.06,-10.56,4.7124
66753,3.5820101525,-1.4972480188,11.94,-88.24,-20.79,5.6183
66763,3.5824597155,0.392626327,9.71,-16.12,-25.92,5.7952
66798,3.5844566395,1.1313650018,14.66,55.31,-12.01,5.8763
66803,3.5849666943,-0.1518974401,6.4,-91.8,40.22,5.1029
66821,3.5855473103,-0.9522405628,12.02,-42.33,-24.26,4.9755
66849,3.5867332136,-1.026027575,4.17,-31.75,-11.63,5.3788
66925,3.5907326273,-0.9907878059,1.13,-6.77,-3.88,5.9761
66936,3.5912974037,0.0617511374,13.68,-295.63,-73,5.5128
66984,3.5939307395,-0.7342165549,1.63,-19.12,0.53,5.9427
67057,3.5975467716,-0.2823778435,3.96,12.76,-5.41,5.7085
67143,3.6024277603,-0.4558099195,11.49,-72.81,-9.76,5.8211
67153,3.6027643956,-0.5767155343,51.54,-462.49,-146.49,4.3195
67172,3.6038380656,-0.2168841574,8.02,-19.75,8.74,5.6446
67194,3.6050963594,0.717135697,19.03,-113.58,-43.22,5.9497
67231,3.6066992891,0.9500296654,11.23,-18.69,-5.09,5.6745
67234,3.6069678569,-0.8976699175,12.42,10,-27.62,4.7986
67244,3.6082036213,-0.6327151008,7.47,-12.63,-11.38,5.1581
67250,3.6084591278,0.6726978919,10.29,-134.89,-22.41,5.6739
67275,3.6096344455,0.3046781868,64.03,-479.53,53.49,4.5949
67288,3.6103120611,-0.3117116754,4.82,60.31,-31.28,5.4895
67292,3.6104742558,-0.8770161023,15.42,58.61,12.69,5.9967
67304,3.6112803722,-0.8782613205,6.55,-141.33,-6.03,5.6003
67384,3.6156487326,0.5443701936,11.47,-6.14,38.28,5.7722
67457,3.6191402795,-0.6012769322,17.82,-41.68,-59.77,4.1005
67459,3.6192818453,0.275723726,12.38,-94.22,41.07,4.1588
67464,3.6193981602,-0.727586922,7.47,-26.77,-20.18,3.3237
67472,3.6198861585,-0.7413056511,6.45,-24.25,-18.64,3.3969
67480,3.6203088393,0.3711279327,8.13,23.13,16.88,5.0624
67494,3.6210014729,-0.3164993366,13.35,-99.65,-37.74,5.1274
67605,3.6265911862,0.6050101817,4.81,10.77,-54.3,5.977
67627,3.6278077527,1.129634386,8.78,1.34,-5.15,4.6219
67663,3.6293562273,-0.8185355121,2.05,-18.19,-15.9,5.7124
67664,3.6293702644,-1.211280254,4.48,4.94,-4.36,5.8297
67665,3.6293750552,0.6011667545,5.43,-20.02,-32.33,4.7831
67669,3.6295303807,-0.5758542239,9.49,-34.54,-28.21,4.2763
67703,3.6306411891,-0.9217339285,12.55,-40.86,-27.25,5.2427
67782,3.6354017826,0.5000030095,15.21,-122.23,29.19,5.9747
67786,3.6355607033,-0.5572415082,5.12,-12.72,-9.48,4.7067
67787,3.635590015,0.3129873709,4.73,-34.02,6.71,5.8611
67819,3.6370349242,-0.6224576089,19.13,-83.39,-25.36,5.6321
67836,3.6377832446,-0.9315394743,3.62,-15.66,-16.47,5.8829
67848,3.6383600634,0.9377425823,6.81,-28.65,-7.1,5.6983
67861,3.6388112948,-0.8225414469,-0.45,-8.93,-4.15,5.82
67927,3.6420015586,0.3211159157,87.75,-60.95,-356.29,2.7957
67929,3.6420800996,-0.0262335423,13.23,-85.72,-21.79,5.3283
67942,3.6425848311,-1.1807512674,3.46,-17.64,-15.66,5.868
67973,3.6442598143,-0.9103771632,9.24,-29.25,-21.59,5.6444
68002,3.6457335522,-0.8253359433,8.54,-57.37,-44.55,2.4419
68079,3.6491848377,-0.8131965203,10.25,-139,-91.28,5.9839
68092,3.6497665983,0.0183355236,11.08,-28.84,13.8,5.9656
68103,3.6502225135,0.4798293781,5.61,27.85,-48.18,5.1571
68191,3.6549330253,-1.1115411398,15.56,-40.19,-33.3,4.8736
68245,3.6576490399,-0.7347959205,6.21,-22.77,-20.13,3.7448
68269,3.6587321243,-0.4358467213,9.8,-49.36,-29.53,5.1814
68276,3.6592957652,0.3786722317,6.91,-10.82,-43.39,5.7682
68282,3.6594297557,-0.7819691374,7.63,-27.51,-22.44,3.7877
68390,3.6652093302,-0.4365099822,17.86,-194.03,-91.6,5.875
68520,3.6723751468,0.0269580679,14.5,17.49,-21.27,4.2777
68523,3.6727175713,-0.7959289686,2.57,8.64,-16.25,4.4632
68581,3.6755763378,-0.478739673,7.42,-31.96,-4.05,5.6282
68756,3.6843483047,1.1235698204,10.76,-56.34,17.21,3.6452
68815,3.6884698604,-1.3403548608,8.84,-87.54,-32.54,5.074
68862,3.6915739711,-0.7187192604,6.39,-22.9,-21.69,4.2873
68895,3.6929908122,-0.4656890761,32.3,43.7,-141.18,3.4187
68933,3.6943765794,-0.6347534825,55.45,-520.53,-518.06,2.2226
68940,3.6944916369,-0.1625516765,17.23,-141.07,3.77,5.5468
69038,3.699788698,0.765405849,6.36,11.63,-30.08,5.097
69068,3.701360184,0.8632053013,5.94,-59.57,60.42,5.341
69112,3.7038074874,1.3534580341,7.14,-30.45,32.85,4.9527
69174,3.7070111526,-0.8989256443,3.98,-32.25,-11.63,5.9574
69191,3.7084578942,-0.9326817114,17.88,-144.78,-90.34,4.9002
69226,3.7105662455,0.4379349257,26.72,-23.43,-59.79,4.928
69269,3.7124959206,-0.2845236335,7.08,4.28,-10.82,5.015
69373,3.7178460881,1.2118286748,7.62,-25.69,-49.15,5.2687
69389,3.7187025217,0.0420536454,12.63,-42.59,-26.7,4.9532
69415,3.7208989264,-0.4757959527,14.99,-14.14,-33.83,5.2345
69427,3.7214594688,-0.1793158931,12.8,7.25,139.88,4.3251
69462,3.7231087713,-0.9366423103,1.53,-12.58,-9.27,5.6781
69483,3.7240199201,0.9039058561,19.96,61.03,-9.22,4.5711
69493,3.7248721621,-0.0147502004,16.84,206.64,-139.48,5.9996
69536,3.7266656942,0.2261872819,29.48,-253.97,-54.47,5.6471
69598,3.7293877017,-0.7302012256,7.32,-129.82,-17.65,5.7745
69612,3.7299767844,0.1762958773,12.31,-20.83,-164.41,5.4469
69618,3.7304350312,-0.9963399723,6.77,-23.8,-20.92,5.0166
69658,3.7323948259,-0.3176614724,13.22,-45.76,-12.1,5.5416
69701,3.7350689537,-0.1047114831,44.97,-26.31,-419.38,4.1854
69713,3.7357368764,0.8965235214,34.4,-149.39,88.72,4.8082
69732,3.7366900315,0.8043859341,32.94,-187.33,159.05,4.2074
69763,3.7378208294,-1.1621777639,2.5,-7.3,-5.29,5.7257
69829,3.7414363273,0.2663959018,4.28,14.27,8.8,5.9225
69879,3.743717869,0.6197571809,13.97,4.87,14.4,4.966
69896,3.744747202,-1.4138493658,23.62,-19.47,-64.51,4.9613
69929,3.7465162257,-0.326653751,9.8,-65.51,-36.08,5.8748
69965,3.7481764588,-0.4505797386,55.45,-356.34,367.55,5.973
69974,3.7485746716,-0.2333708781,17.49,-15.91,28.92,4.5624
69989,3.749273895,0.2269691972,38.32,105.95,-31.8,5.4905
69995,3.7498337116,-0.6458208107,13.61,-48.57,-41.09,5.9688
69996,3.7498568242,-0.8038652111,9.65,-12.56,-4.76,3.4849
70012,3.7504616346,-0.0395377046,12.47,-117.33,-71.62,5.3055
70027,3.7513903925,0.284607372,17.44,-141.56,60.48,5.0121
70035,3.7518545708,-1.0694113535,20.68,-165.36,-88.52,5.2906
70054,3.7531639969,-0.7515189141,8.84,-10.26,7.72,5.7092
70069,3.75387981,-0.9841297135,2.66,-9.64,-7.46,4.3627
70090,3.7548925796,-0.6612226508,12.6,-63.69,-10.65,4.0385
70104,3.7555522819,-0.7886598616,22.96,37.33,-72.81,4.8528
70243,3.7626198883,-0.6071440439,2.38,-25.34,-0.94,5.5414
70248,3.7628714689,-1.3981642581,5.06,-9.51,-14.34,5.029
70264,3.763884104,-1.0203047909,8.51,-43.66,17.22,4.9105
70300,3.7657120159,-0.6896104101,7.13,-24.15,-21.9,4.3518
70306,3.7659774873,-0.4843940375,20.72,-203.26,-116.54,4.9395
70327,3.7672015621,0.1474216898,15.17,-75.89,-8.13,4.8776
70384,3.7699751948,0.1438850204,7.38,-5.94,-13.35,5.9644
70400,3.7707395193,0.1015801647,20.51,-78.59,6.27,5.1457
70469,3.7734498733,-0.4329510238,7.11,-54.39,-17.14,5.5022
70492,3.7747355084,-1.1902329348,1.61,-7.97,-3.68,5.6842
70497,3.7751485776,0.9049831242,68.82,-235.4,-399.07,4.1514
70574,3.7792367024,-0.7892621438,2.99,-13.09,-14.67,4.5093
70576,3.779423348,-0.7920175094,10.22,14.62,-7.33,4.4387
70602,3.7806310182,0.335571573,11.22,-71,27.47,5.4698
70638,3.7826914176,-1.4602795126,10.91,-96.12,-13.27,4.4667
70657,3.783518443,-1.1488038401,3.61,-18.73,-13.75,5.9948
70663,3.7838956011,-0.8051913335,14.74,-151.97,-74.79,5.9009
70692,3.7852935417,1.3211433701,9.09,8.79,21.76,4.3883
70753,3.7881239345,-0.5147251671,8.29,-25.23,-23.03,4.9519
70755,3.7882531689,-0.0388850757,27.58,-139.53,-4.04,4.9445
70791,3.7901343192,0.8699587401,10,-303.89,-47.16,5.7362
70794,3.7903992204,-0.1204349458,5.22,-15.22,-50.44,5.5524
70915,3.796720909,-0.7910056937,6.84,-37.1,-27.78,5.4832
70931,3.7976177519,-0.8642683139,16.04,-47.8,-40.68,5.4065
71002,3.8016460732,-1.1818855508,13.15,35.96,-58.6,5.994
71053,3.8040802105,0.5300764764,20.37,-100.9,120.73,3.7331
71075,3.8051637674,0.6685987015,37.58,-115.71,151.16,3.098
71111,3.8070670437,0.9668782985,5.26,6.11,-14.49,5.8582
71115,3.8071901038,0.3885096074,18.51,-126.86,40.25,5.997
71121,3.807514556,-0.8806428996,5.67,-29.26,-15.72,4.371
71184,3.8115424365,-0.9599069265,13.08,-94.65,-4.53,5.9687
71280,3.8164286902,0.8616381897,3.81,-45.5,50.15,5.8487
71284,3.8165035086,0.5191448216,63.16,188.35,131.77,4.547
71352,3.8201222336,-0.7357914675,10.67,-34.73,-32.72,2.2729
71353,3.8201983252,-0.7246149854,8.89,-22.15,-23.43,5.8581
71419,3.8236569139,-0.807136089,4.66,-31.32,17.14,5.6764
71453,3.8254817884,-0.7018235339,6.78,-22.5,-22.26,5.7072
71500,3.8281008585,-0.805179973,2.39,-10.37,-10.28,5.5812
71502,3.8281458651,-0.8051135378,-27.33,339.04,539.15,5.8569
71536,3.8305069195,-0.8626422065,10.32,-28.26,-28.82,3.9964
71568,3.8319192313,0.7616975176,3.62,-103.25,31.82,5.8645
71573,3.832103455,0.9428859522,9.07,17.28,-18.99,5.8369
71618,3.8346542914,0.7750055119,17.54,-67.73,-18.62,5.4092
71759,3.8428048809,0.2362191706,19.68,54.58,-16.57,5.996
71762,3.8428921899,0.2865534233,10.67,11.44,9.47,4.5038
71783,3.8441904668,-0.6306719873,5.27,-31.94,-5.88,5.6488
71795,3.8447363858,0.2396045866,18.56,51.95,-11.08,3.7971
71832,3.8469061349,0.1424495189,6.07,-10.79,3.34,5.0289
71837,3.8472594908,0.203521709,8.09,-158.78,-112.62,5.7131
71860,3.8481436648,-0.8270790906,7.02,-20.94,-23.67,2.2296
71865,3.8482773961,-0.6596196804,9.62,-29.92,-30.68,3.9422
71908,3.8506824826,-1.1340201681,60.35,-192.53,-233.51,3.2465
71957,3.8530733801,-0.0987407647,54.73,103.28,-318.63,3.9589
71974,3.8538008399,-0.4362927126,6.56,-22.17,-8.86,5.7097
71995,3.8546594199,0.4629990388,4.63,-13.57,-16.08,4.8689
72010,3.8556856434,-0.6138885911,15.57,-61.46,-176.84,4.2045
72012,3.8560464199,0.7061463096,4.77,-13.76,21.01,5.867
72104,3.8614824336,-0.6142131405,15.22,9.17,-2.3,4.9325
72105,3.8614864893,0.4725334744,16.1,-50.95,21.07,2.5167
72125,3.8625952418,0.2960846851,13.42,-60.69,-50.56,4.7668
72131,3.8627951802,-1.0973836705,20.64,70.18,-81.13,5.4362
72154,3.8637392509,0.012519074,6.61,-41.63,-6.27,5.6788
72197,3.8659172269,-0.4440626517,33.02,-151.5,-107.28,5.0285
72208,3.8663404303,0.2640987047,4.04,-85.49,18.86,5.5986
72210,3.866395343,-0.4040936757,9.64,26.04,-63.69,5.96
72220,3.8669945359,0.0330380071,24.25,-114.03,-22.13,3.7371
72250,3.8680152594,-0.8280030492,10.67,-39.66,-14.58,5.7662
72290,3.8703629291,-0.9142613668,12.55,-17.16,-81.34,5.3855
72323,3.871908228,-0.4472272408,4.39,-7.61,-13.55,5.6031
72357,3.8735242,-0.4553124215,9.11,37.81,-8.33,5.3937
72370,3.8740292432,-1.379590486,7.3,-4.58,-15.88,3.9796
72378,3.8744538315,-0.4650627632,7.29,-9.59,-8.6,5.7699
72432,3.8773985356,-0.6393941324,6.34,-12.26,-45.91,5.7201
72438,3.877871527,-1.1622764649,2.32,-6.9,-10.54,5.88
72487,3.8803523787,0.8048829025,20.41,-6.73,-77.06,5.8715
72488,3.8803584102,-0.4232679934,3.22,-21.99,0.14,5.8411
72489,3.8803825973,-0.2469463903,13.71,-65.95,-14.54,5.3339
72524,3.8820021605,0.8503342309,14.58,-77.94,100.83,5.7747
72552,3.8832402408,0.4994405109,10.16,18.65,-0.59,5.8214
72567,3.8845006878,0.4173390349,55.03,143.91,32.69,5.9949
72571,3.8846278055,-0.4879978929,9.85,-238.76,-61.86,4.5608
72573,3.8847849339,1.4401145715,23.1,176.85,-223.52,5.7644
72582,3.8855248618,0.6505158905,15.54,-212.45,96.07,5.6364
72603,3.8863583638,-0.2792019281,43.52,-136.27,-59.04,5.2416
72607,3.8864406714,1.2942572177,24.91,-32.61,11.42,2.2044
72622,3.8871956548,-0.2799789166,43.03,-105.68,-68.4,2.7892
72631,3.8877951002,-0.0401224957,14.92,89.97,-124.57,5.0912
72659,3.8894141879,0.333368944,148.98,154.98,-66.43,4.6801
72664,3.8896534744,1.0348694635,7.2,-121.07,137.9,5.6326
72683,3.8905078492,-0.7605323565,8.07,-25.2,-27.13,4.2816
72800,3.8957995193,-0.6597888483,6.63,-20.48,-19.2,4.9662
72833,3.8974319712,-1.2774091792,9.9,17.09,33.78,5.7427
72929,3.9022752217,-0.4300863926,7.82,-11.53,-28.8,5.4228
72934,3.9024766516,-0.2076650413,9.68,-54.87,-7.85,5.9484
72959,3.9035685433,-0.5812044296,3.12,-9.22,-5.21,5.9878
73036,3.9076982041,-1.0491853318,20.23,-126.47,-113.13,5.3418
73049,3.9084244836,-0.5908948329,12.85,20.15,-1.48,5.3402
73087,3.9105002221,0.2521349028,5.46,-13.37,-0.64,5.899
73095,3.9107901647,-0.9217008251,16.26,27.4,8.62,5.4346
73100,3.9112057933,0.8661894422,39.83,111.37,-225.83,5.7475
73111,3.9118704272,-0.8356486904,5.91,-30.29,-21.86,5.63
73129,3.9127374624,-1.0957349426,2.16,-11.7,-11.69,4.9999
73133,3.9128905295,-0.1991373178,5.94,8.63,9.35,5.6073
73165,3.9147049225,-0.0758535241,37.17,-96.98,-153.4,4.5517
73166,3.9147502578,0.2860269943,6.13,-3.44,-5.26,5.8814
73184,3.9158899154,-0.3736973547,171.22,1037.06,-1725.87,5.877
73193,3.9163164067,-0.0029242593,11.19,60.75,-25.21,5.6799
73199,3.9164547868,1.1507371369,7.1,-78.23,32.5,4.5808
73223,3.9177665596,-1.3380150651,8.71,-68.69,-15.71,5.5086
73273,3.9205879287,-0.752827999,8.52,-35.78,-39.83,2.5982
73284,3.9211211389,-0.4827108316,8.84,-47.7,-8.66,5.728
73334,3.9233328099,-0.7348559006,8.51,-17.62,-22.51,3.0671
73350,3.9243084394,0.0797226834,4.65,1.2,-4.12,5.9915
73369,3.9253161015,0.685307574,19.42,-31.37,42.05,5.7211
73473,3.9312368806,-0.148683458,11.11,-63.46,-4.76,4.9297
73497,3.9327947625,-0.0480815841,4.39,28.66,-20.63,5.6057
73507,3.9333255825,1.0507654273,9.46,-13.26,12.51,5.9561
73536,3.9349113717,-0.0024479736,1.42,7.25,-15.63,5.7896
73540,3.9350414764,-1.4525987124,8.28,18.99,52.36,5.8098
73555,3.935484253,0.7049496023,14.48,-40.15,-28.86,3.6469
73566,3.9361813516,-0.4897486088,9.83,81.54,-33.59,5.8857
73568,3.9361910427,0.4364764156,8.78,-5.65,-48.34,4.9265
73620,3.9396495449,0.0364995747,16.69,-54.89,13.34,4.5583
73624,3.9400291821,-0.5697321243,8.41,-20.31,-19.86,5.4085
73634,3.9405231982,0.6144566554,11.65,-40.11,8.83,5.6865
73695,3.9435483002,0.8317194395,79.95,-445.84,19.86,4.8775
73714,3.9447540497,-0.4412516273,11.31,-71.16,-43.34,3.3093
73745,3.9463972151,0.4703253898,13.26,-175.42,-4.06,4.6769
73771,3.9478593797,-1.4492911885,1.67,-7.92,-17.89,5.8126
73776,3.9479383497,-1.1175582841,11.82,102.65,9.35,5.3234
73807,3.9493241686,-0.8211982506,7.36,-22.98,-22.81,3.8552
73826,3.9501999448,-0.7167584463,9.24,21.98,-1.32,5.2944
73841,3.9506903183,0.840391753,11.89,-65.48,29.79,5.5915
73909,3.9543829745,0.9521868355,12.67,48.47,12.44,5.4069
73937,3.9555860719,-0.539628102,8.24,-23.93,-27.81,5.9501
73945,3.9559064403,-0.2837340129,4.69,-35.9,-22.37,5.3069
73996,3.9588392261,0.4340562794,51.14,185.09,-163.79,5.0253
74006,3.9594199902,-0.8567583142,9.66,22.15,10,5.9351
74066,3.9627807223,-0.7083219158,9.03,-29.74,-30.37,5.7187
74087,3.963626759,0.4590422351,6.3,-0.87,-10.9,5.8297
74096,3.9644837554,0.4382283812,6.99,-1.88,-1.01,5.9781
74100,3.9647491066,-0.7481854794,8.42,-20.49,-20.52,5.7981
74117,3.9655792871,-0.7902814998,4.2,-15.88,-26.8,4.0022
74184,3.9684365245,-1.1708388954,0.35,-4.05,-3.34,5.893
74239,3.9719804506,-0.4595905874,7.67,-30.8,-10.49,5.9183
74296,3.9756269024,-1.4798266559,10.29,3.49,3.76,5.8758
74305,3.9761497804,-0.9659701837,1.51,-4.17,-7.65,5.6155
74376,3.9790713122,-0.8506333976,18.12,-96.5,-49.86,3.8523
74380,3.9791879934,-0.8507359487,12.86,-98.59,-51.89,5.7492
74386,3.9796613872,0.331193745,4.51,-15.13,10.07,5.8746
74392,3.9803187851,-0.3454291287,8.59,-35.4,-32.79,4.5179
74395,3.9806017454,-0.9093003916,27.8,-112.92,-71.18,3.5711
74449,3.9829580592,-0.7766777956,6.47,-22.01,-21.75,4.7615
74582,3.989471276,-1.2231172351,2.78,4.3,-7.51,5.5275
74596,3.9902012016,0.5090117656,12.92,-69.84,27.94,5.3074
74604,3.9907917659,-0.5501125234,1.67,-8.91,-0.07,5.0022
74605,3.9908410298,1.1754386883,39.46,222.31,-392.7,5.27
74649,3.9932672639,0.0862079586,8.74,-24.9,4.8,5.485
74666,3.994629874,0.5814582287,26.78,84.74,-111.58,3.6268
74689,3.9960142127,0.0064944968,21.67,-107.61,13.33,5.6835
74707,3.9970971785,-0.7241570577,1.85,-7.63,-4.11,5.2833
74732,3.9984789705,-0.3909436473,6.91,-32.99,2.6,5.6675
74750,3.9994724883,-1.0629750921,1.94,-1.9,-3.07,5.7053
74778,4.0009417545,-1.0639046205,0.89,-1.9,-3.06,5.0377
74785,4.0012016219,-0.1637619163,17.62,-98.1,-19.65,2.5739
74793,4.0015950296,1.2535631593,8.19,3.97,9.65,5.1671
74824,4.0034188011,-1.0262689373,32.73,-97.74,-134.15,4.1042
74837,4.0039953179,-1.1102124351,8,2.57,8.45,5.0175
74857,4.0047921366,-0.5261934232,10.01,-10.16,-3.66,4.5203
74896,4.0073133179,0.3590632793,9.15,-13.34,-20.39,5.8469
74911,4.0078612798,-0.8355797189,9.72,-29.59,-35.07,4.2229
74941,4.0091046921,-1.0558600268,0.92,-2.69,-2.86,5.4043
74946,4.0095077154,-1.1986828347,17.74,-66.58,-32.31,2.8816
74950,4.0096314013,-0.7118878401,5.96,-17.95,-21.63,5.5591
74975,4.0112451233,0.0308339672,39.4,372.21,-513.59,5.1605
75043,4.0146311537,0.9068466829,14.78,10.64,11.36,5.6924
75049,4.0148854495,0.5169021421,12.08,-117.98,-42.44,5.6716
75097,4.0174388121,1.2537393443,6.7,-17.73,17.9,3.0449
75119,4.0187675597,0.0124894005,13.63,-42.36,-103.14,5.5133
75127,4.0191762388,-0.1016624037,10.79,-54.45,-9.94,5.7036
75141,4.0202449707,-0.7094319926,3.69,-19.49,-25.29,3.1417
75177,4.0221430016,-0.6328767628,11.86,-92.33,-85.67,3.6909
75178,4.0221555578,0.5748008153,12.45,-48.63,13.91,5.3698
75181,4.022225685,-0.8432900234,67.51,-1622.61,-275.62,5.7821
75206,4.0235943662,-0.8364921502,27.89,-141.19,-132.92,5.1025
75256,4.0256925393,1.0829273954,7.3,9.15,-38.36,5.9894
75257,4.0257015536,0.6908274323,1.68,1.94,-13.78,5.6751
75260,4.0257789853,1.1055205823,8.86,-15.82,-92.08,5.8765
75264,4.0259573134,-0.7799801258,6.37,-22.86,-18.87,3.3138
75304,4.0280281709,-0.6433010709,6.28,-18.24,-20.72,4.4867
75308,4.028118213,-1.0586662584,24.79,-82.11,-24.92,5.7571
75312,4.02823638,0.5286295397,55.98,116.83,-171.37,5.1117
75323,4.0289949683,-1.0353414981,7.27,-12.97,-34.24,4.537
75352,4.0311478138,-0.2158869832,5.8,-36,-35.77,5.8828
75379,4.0325781788,-0.1801510643,32.02,-66.52,-154.24,5.0175
75411,4.0338584954,0.6523510313,28.83,-146.73,79.85,4.3826
75439,4.0349851254,-0.6930725399,8.02,-26.1,-54.77,5.3386
75458,4.0357673053,1.0291512588,32.23,-8.36,17.08,3.4638
75501,4.0375466922,-0.6760286396,8.31,-45.71,-11.49,4.6107
75530,4.0395212896,0.2692703448,4.73,-12.52,-7.41,5.2515
75572,4.0417072965,0.5992736256,6.33,-114.34,59.98,5.5968
75647,4.0461200631,-0.6417139598,7.62,-20.28,-23.15,5.4055
75665,4.0472077246,-1.1262863975,4.78,-12.37,-18.28,5.8161
75695,4.0484258681,0.5079866628,29.17,-180.17,85.92,3.7373
75730,4.0502836484,-0.2917562795,4.16,16.3,-34.6,5.7577
75761,4.0519481387,0.0321518031,25.16,-85.35,-34.31,5.2203
75828,4.0552926094,-0.815639324,2.98,-7.79,-5.31,5.3563
75944,4.0608275852,-0.2898897346,6.42,23.92,-3.28,5.9762
75973,4.0619448241,0.7126714823,3.89,11.28,-8.11,5.1479
75974,4.0619567252,1.1206498228,10.57,-112.06,77.81,5.9046
76008,4.0640758244,1.3500006374,3.81,-47.55,5.33,5.1099
76013,4.064495174,-1.2808892263,2.63,0.56,-18.4,5.3535
76041,4.0656712175,0.7138286406,8.4,-13.71,-13,5.0265
76106,4.0692870061,-0.3433126079,14.27,-18.16,-39.54,5.558
76126,4.0706334329,-0.2941369767,4.97,-10.25,-16.65,5.4646
76127,4.0706747501,0.547320507,8.69,-20.15,-9.39,4.112
76133,4.0708312454,-0.0207048305,11.64,-17.42,-41.31,5.6725
76207,4.0754701551,-0.6992897017,2.84,-38.59,-33.67,5.8668
76219,4.0761088274,-0.17564923,34.57,307.63,-234.51,4.7722
76243,4.0772732923,-0.1602796825,8.17,-29.34,-27.1,5.1222
76259,4.0780570098,-0.4895108832,10.25,10.97,-24.35,5.275
76267,4.0783391856,0.4662631477,43.46,120.27,-89.58,2.221
76276,4.078848281,0.1839377915,14.3,-71.48,3.64,3.8677
76297,4.0803223879,-0.718494371,7.75,-15.62,-25.43,2.7
76307,4.080790694,0.6808537492,5.27,24.45,9.22,5.2276
76333,4.0820007355,-0.2581264056,19.99,65.34,7.45,4.0672
76371,4.0835806652,-0.784671003,7.62,-20.53,-21.23,4.4911
76376,4.0838579415,0.9534832778,12.77,-39.08,0.09,5.7961
76397,4.0849530396,-0.7748684023,5.99,-45.7,-55.59,5.5741
76425,4.0862195259,0.1747154012,14.11,46.85,-114.81,5.4216
76440,4.0872110875,-1.1574483361,16.17,24.35,-54.47,4.2736
76470,4.088539851,-0.4910496278,14.58,-12.82,-4.15,3.7471
76519,4.0912851528,1.2092202591,4.25,-48.92,51.47,5.7958
76532,4.0919287009,-0.4038956319,11.87,-33.32,-74.48,5.9604
76534,4.0920372256,0.7042977442,19.22,61.23,60.09,5.4091
76552,4.0930387052,-0.7429427693,14.92,-149.8,57.37,4.4791
76568,4.0939711012,0.8167791011,28.01,93.41,-101.91,5.8402
76569,4.0939782518,-0.3668010639,11.45,62.23,-72.33,5.9877
76594,4.0952842108,0.8800535131,8.66,-4.54,-27.18,5.9913
76600,4.0956612056,-0.5197187224,8.89,-22.08,-24.46,3.5999
76618,4.0963971711,-0.9140746532,7.98,-35.75,-31.21,5.4408
76628,4.096760982,-0.3368783722,10.48,81.68,-76.89,5.5154
76669,4.0988100422,0.639415824,6.89,-14.82,-4.74,4.6131
76705,4.1005038047,-0.6006008299,14.85,5.67,-10.59,4.8251
76742,4.1027531393,-0.4157035419,8.53,-17.69,-8.26,5.1247
76750,4.103077006,-1.2818855998,4.18,-12.36,-20.56,5.638
76829,4.106724513,-0.7794738026,57.35,-169.17,-266.28,4.7367
76852,4.108293612,0.3433150888,17.16,-60.86,-43.69,4.5337
76866,4.1093334841,0.2242318476,14.84,38.42,-3.76,5.3402
76877,4.1098652206,-1.3278790344,7.74,-8.14,-40.01,5.9429
76878,4.1098691894,0.322255831,18.84,-73.22,56.29,5.864
76880,4.110019019,-0.3434559354,10.57,-32.06,-103.15,4.8503
76939,4.1130394445,-0.6531876674,12.51,-50.49,-17.74,5.3993
76945,4.1132346994,-0.6058095982,8.97,-21.37,-29.98,4.6915
76952,4.113496567,0.4589433025,22.33,-111.65,49.52,3.8233
76957,4.1139463516,0.9138688859,10.92,-65.91,30.1,5.4741
76996,4.1157846045,-1.4742012202,15.12,137.34,95.52,5.6126
77048,4.1189276147,0.567508264,13.4,-29.92,-8.85,5.7385
77052,4.1191112736,0.0439041947,68.22,-43.11,-143.57,5.9983
77055,4.1192289425,1.3577701468,8.84,19.91,-1.99,4.3064
77060,4.1192984914,-0.2735398537,21.86,-34.72,-64.28,5.4768
77070,4.1201402784,0.1121464762,44.1,133.84,44.81,2.7971
77086,4.1206269649,-0.7298795558,6.95,-17.91,-28.91,5.9404
77163,4.1250469897,0.0950737169,8.82,26.36,-3.73,5.5865
77227,4.128114551,-0.0314877572,7.25,-23.15,-30.5,5.3852
77233,4.128519243,0.2691633862,21.03,65.38,-38.61,3.6836
77257,4.1296487023,0.1283382437,82.48,-224,-70.64,4.5434
77277,4.1306092623,1.0925707836,11.4,41.1,-56.41,5.2198
77286,4.1309202317,-0.6053218771,8.48,-18.33,-25.39,5.5758
77336,4.1333288915,0.2463579653,13.04,-55.49,32.42,5.7478
77370,4.1348241564,0.966504262,13.55,12.6,3.69,5.9277
77390,4.1359281708,-1.1421816696,8.93,-29.88,-37.46,5.6132
77450,4.1396598125,0.3166337791,8.54,-51.88,-88.1,4.1929
77464,4.1405620028,-0.0666458907,18.51,-30.22,7.42,5.5728
77512,4.1433896828,0.4549820177,19.18,-78.83,-65.28,4.7388
77516,4.1435036788,-0.059867258,19.23,-100.28,-25.99,3.5411
77541,4.1449766775,-0.8536821108,16.78,-28.27,-10.61,5.8776
77562,4.1456740753,-0.9286840304,10.58,-27.33,-38.81,5.7644
77578,4.1464317426,0.0383383396,11.93,29.15,-47.31,5.3813
77622,4.148712443,0.0781485099,46.3,128.19,62.16,3.7548
77634,4.1493415357,-0.5869036996,16.71,-5.1,-24.85,3.9547
77635,4.1494296645,-0.4494438328,6.59,-14.2,-25.12,4.6206
77645,4.1500153811,-0.9609001906,1.51,-4.11,-5.11,5.7827
77655,4.1505338533,0.6223534607,32.79,-8.55,-348.44,4.959
77660,4.1506582072,-0.0539381738,20.1,-91.09,-28.21,5.1392
77661,4.1506797159,0.3661329962,8.7,-53.32,18.87,4.8612
77738,4.1550894778,0.9743576585,9.72,-24.4,53.95,5.9715
77760,4.1568066407,0.7408920569,62.92,438.9,629.7,4.7198
77811,4.1597058004,-0.3519804669,10.54,-9.81,-26.85,5.0287
77840,4.160917919,-0.4420409379,6.49,-15.12,-25.18,4.5757
77853,4.1618450083,-0.2919869887,19.36,100.33,135.02,4.2934
77858,4.1621683542,-0.4281832946,7.76,-12.59,-25.49,5.3785
77859,4.1623100747,-0.4184956763,7.64,-12.59,-25.44,5.394
77902,4.1651310937,0.3544914444,6.39,-83.27,43.63,5.5572
77907,4.1653647647,0.7529072234,4.99,-33.01,65.76,5.4196
77909,4.1654855531,-0.4405853197,6.33,-13.16,-25.55,5.8522
77939,4.1670005329,-0.3382950868,4.23,-8.11,-16.25,5.9524
77952,4.167614133,-1.1070579781,80.79,-188.66,-401.85,2.9075
77982,4.1691271275,-1.1973479875,2.7,-9.36,-6.79,5.2746
77984,4.1691627147,-0.4584267985,7.99,-35.8,-30.09,5.6744
77986,4.1691996445,0.7429195047,6.08,-23.1,16.65,5.7009
77990,4.1693313324,-1.0502950621,19.51,-46.62,-70.47,5.8655
78012,4.1704326233,0.6622959603,24.06,29.28,80.14,5.5175
78045,4.1717701512,-1.055615367,15.15,-38.6,-74.63,5.7928
78072,4.173299995,0.2734011715,88.86,310.93,-1282.19,3.9456
78104,4.1751974874,-0.5098806985,6.91,-15.68,-24.88,3.8095
78105,4.1752262123,-0.5928189297,23.6,23.27,-37.85,5.143
78106,4.1752714973,-0.5927863713,21.71,23.56,-43.29,5.6104
78132,4.1767652276,0.2515764346,13.52,-122.48,88.16,5.6969
78142,4.1772515813,-0.6315528594,4.12,-11,-10.54,5.951
78159,4.1782674598,0.4691100516,14.73,-77.07,-60.61,4.2992
78168,4.17864326,-0.3662228812,7.08,-8.93,-23.23,5.8531
78180,4.1791612907,0.9555591026,29.78,-151.24,106.39,5.0295
78207,4.1808908579,-0.2492211055,6.97,-12.44,-16.73,4.9345
78246,4.1825996872,-0.4333902062,5.87,-12.31,-24.67,5.403
78265,4.1837811576,-0.4557760267,5.57,-11.42,-26.83,2.8274
78276,4.1842592829,0.6395533225,4.27,25.12,27.62,5.7279
78279,4.1842930775,-1.1351197343,3.67,-9.71,-6.23,5.7305
78323,4.186630061,-0.7285771546,7.48,-37.76,-16.48,5.1542
78384,4.1893240195,-0.6701478078,7.38,-16.96,-27.83,3.3398
78400,4.190243063,-0.288544467,28.4,-631.32,-417.38,5.572
78401,4.1902454992,-0.3948217575,6.64,-10.21,-35.41,2.2617
78436,4.1922547943,-0.1468053072,6.66,-15.22,-13.5,5.5551
78442,4.1925105832,0.0772688752,13.32,-42.18,73.99,5.9687
78459,4.1933570772,0.5812886796,58.02,-196.63,-773.02,5.5246
78481,4.1941967841,0.310983212,13,-43.58,150.69,5.2662
78493,4.1950872545,0.5209996009,10.46,-38.31,-6.56,4.9684
78527,4.1970589736,1.0221422574,47.54,-319.51,334.97,4.119
78554,4.1988032392,0.3980117851,18.22,4.03,23.6,4.8505
78574,4.2003698899,0.8244970047,7.3,-68.49,64.65,5.7835
78592,4.2009966795,0.8034946748,8.78,55.42,-61.29,4.6967
78639,4.2028153991,-0.8592207186,14.86,42.05,9.14,4.8061
78649,4.2032879876,0.6393458658,4.98,7.4,-14.16,5.9168
78650,4.2033831152,-0.4514320102,15.71,-67.28,-37.59,5.1173
78655,4.203640236,-0.6737402306,8.16,-17.6,-29.1,4.8481
78661,4.2041633607,1.3403062144,6.35,-18.1,20.78,5.7545
78662,4.2042233295,-1.0083617734,25.39,-120.01,-82.09,4.6904
78820,4.2125146985,-0.3456693411,8.07,-5.2,-24.04,2.594
78821,4.2125393673,-0.3456073313,8.19,-5.07,-25.87,4.9235
78868,4.2146706692,-1.2636370868,11.21,-32.03,70.36,5.8674
78877,4.2154344118,-0.4120066839,6.2,-12.62,-27.81,5.8832
78893,4.2164050954,1.1835074443,12.85,-36.13,62.49,5.4396
78914,4.2171098823,-0.7884223741,26.66,16.19,38.45,4.7948
78918,4.2175558794,-0.6423198007,7.87,-15.33,-33.83,4.1581
78933,4.2184922558,-0.3607444534,6.92,-8.98,-23.48,3.9307
78970,4.2205097386,-0.6415051923,18.25,47.26,-64.51,5.794
78990,4.2211006274,-0.3642267228,11.22,44.81,-45.42,4.4647
79005,4.2219834974,-0.2224482021,8.9,-42.16,-25.86,5.7545
79007,4.2220642558,0.1726437795,10.1,-20.03,-8.02,5.6981
79043,4.2240274205,0.2975261639,8.87,-35.55,-7.04,5.1628
79050,4.2242437332,-0.4594869839,6.81,100.7,-4.92,5.42
79072,4.2257390462,0.1489520703,4.04,-11.43,-7.8,5.708
79098,4.226876718,-0.4133873936,7.35,-10.65,-25.64,5.8739
79101,4.2270565043,0.7842605223,15.99,-26.63,36.76,4.2233
79119,4.2279385488,0.6368725599,27.95,-37.02,340.44,4.8948
79153,4.2294100832,-1.0111420687,11.65,-13.35,-59.33,5.5752
79195,4.2317349264,-0.060505864,6.81,-25.58,0.96,5.512
79199,4.2318858168,-0.5854828368,8,-25.47,-45.03,5.48
79280,4.2360252458,1.3243127423,5.28,-1.66,13,5.4497
79302,4.2369414447,-0.5134061581,10.26,-87.24,-87.14,5.2578
79320,4.2380788477,-0.7176706279,15.45,-82.3,-124.23,5.9362
79349,4.2395537734,0.4100621399,4.78,-21.22,-10.67,5.7148
79358,4.2402818548,0.635739018,4.83,-11.09,-29.82,5.7748
79374,4.2411312043,-0.3396523621,6.88,-7.65,-23.71,4.0076
79375,4.2411501946,-0.1756531385,20.96,-21.98,-23.74,4.9706
79387,4.2416801827,-0.1491834074,12.92,45.06,0.5,5.4731
79399,4.2423176216,-0.4959738055,10.75,-23.68,-42.44,5.6746
79404,4.2424744782,-0.4874061557,6.81,-10.38,-23.94,4.5279
79488,4.2466339197,0.0876347071,8.21,36.91,-4.09,5.5998
79497,4.2471714575,-0.9693706244,14.98,-99.75,-42.28,5.8685
79509,4.2476030328,-0.9534805768,7.62,-5.14,-22.86,5.1145
79540,4.2492155765,-0.2066072282,8.62,-4.82,-10.2,5.3868
79593,4.2513868978,-0.0644720376,19.06,-47.54,-142.73,2.8283
79607,4.2528612847,0.5909479314,47.44,-263.39,-92.67,5.3567
79653,4.255356148,-0.8267957976,8.46,-34.39,-44.88,5.099
79664,4.2561501831,-1.1115242601,5.37,2.73,-12.92,4.0248
79666,4.256325528,0.3282666338,9.38,-68.71,-84.42,5.8831
79672,4.2569404686,-0.1460532782,71.94,230.77,-495.53,5.6265
79689,4.2578624263,-1.010759064,7.71,-11.93,-49.66,5.6687
79754,4.2617500516,-0.9391810033,4.21,7.49,-0.53,5.4919
79757,4.2618592578,0.5087687487,4.89,23.1,-16,5.8156
79790,4.2630347399,-0.8738534067,2.22,-1.69,-3.39,5.1062
79804,4.2640821538,1.0429208175,4.41,6.96,25.47,5.3705
79822,4.2651847957,1.3221690065,33.63,-90.3,257.66,5.0409
79881,4.2686332651,-0.4994046033,24.22,-31.19,-100.92,4.8029
79882,4.268729261,-0.0819014637,30.64,83.4,40.58,3.3887
79963,4.2729762036,-0.7448007627,9.35,7.59,-13.3,5.4732
79980,4.2740700763,-0.5394248722,20.72,82.6,23.87,5.629
79992,4.2749256882,0.8083190661,10.61,-13.33,38.48,3.8472
80000,4.2753707293,-0.8753765045,25.33,-159.71,-52.25,4.176
80008,4.2757105739,0.6930456454,37.91,-128.77,-3.3,5.5709
80047,4.2775718363,-1.3734983034,4.28,-10.23,-37.43,4.6689
80054,4.2778914984,-0.9623688139,9.77,20.26,-14.16,5.9235
80057,4.2780102452,-1.3730055018,5.32,-1.75,-31.58,5.409
80079,4.2788334456,-0.4218335977,3.71,-4.32,-14.15,4.6441
80112,4.281243391,-0.4466777959,4.68,-10.6,-16.28,2.9227
80161,4.2839645667,1.2061868723,11.12,-18.15,-10.13,5.4329
80170,4.2844374235,0.334283292,16.93,-47.39,43.81,3.8125
80179,4.2851061957,0.0179580793,36.67,-158.4,49.56,4.9017
80181,4.2852116565,0.5391624756,17.78,-97.43,107.45,5.0166
80197,4.2863411282,0.5899063605,5.09,4.97,-37.92,5.2814
80208,4.2868199829,-0.8651997006,7.05,-11.98,-25.75,5.3137
80214,4.2869084228,0.5882345476,5.49,-5.42,50.56,5.5231
80309,4.2925783734,1.0768049472,6.44,-29.31,34.26,5.843
80331,4.2934740901,1.0736231529,35.42,-17.02,56.95,2.8717
80337,4.2935997833,-0.6840466908,78.26,71.89,5.26,5.4994
80343,4.293960636,-0.349715314,16.35,-20.29,-47.65,4.6501
80351,4.2942973378,0.121268472,8.9,3.3,16.29,5.8467
80375,4.2953517728,0.9635098078,8.34,11.04,20.83,5.7539
80390,4.2958200081,-0.6556498613,7.75,-16.26,-28.62,5.3909
80399,4.2963989322,-0.5184406939,30.22,70.83,-80,5.5335
80460,4.299630666,0.6526497929,13.43,2.33,-0.64,5.5906
80463,4.2996862206,0.2449292949,13.04,40.86,-59.71,4.5821
80473,4.3004273671,-0.409229409,9.03,-5.53,-21.74,4.6152
80480,4.3010387629,1.3781748193,23.32,-112.09,105.67,5.6246
80569,4.3067045266,-0.322121404,6.21,-5.41,-21.12,4.287
80582,4.3074033577,-0.8299867129,6.15,-13.68,-19.89,4.5129
80620,4.3097602126,-0.132602375,5.65,1.01,-154.1,5.2899
80628,4.3101070951,-0.146113737,24.42,-67.49,-11.75,4.6837
80645,4.3107650232,-1.1180231046,25.77,53.12,25.45,5.3687
80650,4.3108944021,1.2002289778,6.7,-24.06,34.48,4.9477
80672,4.3120146468,-0.6489102056,9.06,15.05,-27.23,5.9583
80675,4.3120674397,-1.022757864,2.43,-20.57,-34.78,5.6849
80686,4.3129850113,-1.223208251,82.53,199.97,110.97,5.0212
80693,4.3134341445,0.011609361,8.01,6.62,-67.47,5.5359
80704,4.3137648662,0.7309733944,9.21,30.16,-5.14,4.484
80782,4.3184049368,-0.807096431,1.79,-4.54,-1.51,5.4274
80793,4.3187374647,-0.2539610886,10.95,25.42,12.06,5.8137
80815,4.3205973249,-0.4383422239,7.89,-4.45,-26.33,4.7461
80816,4.3206543171,0.3750651255,23.44,-99.15,-15.39,2.9378
80843,4.3221336647,0.3574320126,5.19,-88.88,-65.25,5.3912
80874,4.3232804361,-1.0757071774,4.15,-11.51,-9.59,5.3579
80883,4.3236780648,0.034629094,18.84,-30.98,-73.42,3.8247
80894,4.3246637183,-0.289945265,13.39,-45.35,-37.34,4.4439
80898,4.3250304404,0.3873834917,3.88,-10.63,7.85,5.8792
80911,4.3257215786,-0.6057046667,5.88,-12.05,-18.16,4.1824
80945,4.3270909145,-0.7298468147,1.2,-4.35,-1.37,5.387
80953,4.3274882252,0.7958384491,14.43,-9.71,37.86,5.7192
80975,4.3290118905,-0.3746607186,19.34,21.12,35.26,4.4857
80991,4.3302822562,1.0615676692,8.79,21.03,-9.99,5.943
81007,4.331010988,0.0963634896,8.45,16.24,-0.78,5.6197
81008,4.3310635082,0.2005075044,9.29,-178.84,-79.27,4.9576
81065,4.3347771051,-1.377011705,20.87,-125.51,-78.25,4.0203
81122,4.3375082752,-0.7687356545,0.78,0.02,-1.98,4.9208
81126,4.3375932894,0.7406635595,10.36,-7.54,59.42,4.2022
81141,4.3385517836,-1.2389754679,4.03,-16.32,-13.52,5.6888
81252,4.3447623605,-1.1431091334,9.53,34.48,-29.46,5.665
81266,4.3453578306,-0.4924614315,6.88,-9.89,-22.83,2.7374
81289,4.3466851908,0.813555999,3.26,-11.86,3.03,5.9939
81290,4.3467012568,0.923278804,7.64,-13.46,28.21,5.518
81292,4.3468684631,0.9237042586,7.91,-12.48,26.29,5.0706
81300,4.347410348,-0.0405585926,102.55,456.04,-309.63,5.9123
81304,4.3475032307,-0.6153220306,9.52,15.61,11.33,4.2829
81305,4.347510884,-0.7480281211,2.4,-5.39,-2.25,5.5409
81377,4.3509262017,-0.184431591,8.91,15.26,24.79,2.5708
81437,4.3546298903,0.9776529719,12.04,4.97,61.31,5.4441
81472,4.356509189,-0.7574445687,5.2,-13.08,-17.29,5.8154
81497,4.3578608336,0.8539595383,7.87,-47.26,26.84,4.9375
81523,4.3593405117,-0.6495637858,8.92,-11.46,-45.76,5.9293
81641,4.3661365337,0.073649659,11.11,1.88,-11.46,5.7782
81660,4.3673315211,1.1272922021,4.43,-0.3,-16.81,5.001
81693,4.3689574263,0.5515569741,93.32,-461.52,342.28,2.9338
81702,4.3691711211,-0.8510743458,-3.11,9.73,-7.31,5.7347
81710,4.3693685427,-1.1919917121,4.93,-14.51,-11.23,5.8748
81724,4.3701878186,-0.309659188,7.91,-21.08,-0.69,5.0769
81733,4.3706118768,-0.8665829496,1.49,-1.89,-2.9,5.6435
81734,4.3707801019,0.0206141106,17.99,-101.06,53.83,5.817
81741,4.3709949536,-0.5785002246,11.51,-58.47,-57.57,5.9799
81754,4.3715897477,-0.3477477573,23.78,27.16,42.29,5.6533
81833,4.3759577535,0.6793250957,30.02,35.41,-85.3,3.6411
81852,4.376807215,-1.352919402,20.78,-282.7,-354.81,4.3954
81972,4.3838745368,-0.7127858813,6.11,-11.43,-20.96,5.6099
82020,4.3864334481,0.9910273896,38.3,24.85,67.07,4.9301
82028,4.3867763704,0.2748092794,7.19,22.77,-51.21,5.6468
82073,4.3887680711,0.1497942471,9.21,-1.97,13.52,5.2731
82080,4.3893692379,1.4318201239,10.73,19.47,2.61,4.3677
82110,4.3910467868,-1.0210798937,3.31,-1.07,-10.59,5.7073
82129,4.3924129673,-1.1712844948,4.68,-15.9,-13.78,5.078
82135,4.3929916418,-0.6872565255,11.33,-16.79,-26.61,5.6461
82171,4.3952964165,-1.0182493873,1.21,-4.64,-20.28,5.5494
82172,4.3953022734,0.7372092674,4.32,2.96,-26.02,5.8475
82216,4.3972429598,0.0915746353,8.29,-20.39,-39.38,5.224
82273,4.401128835,-1.2047595072,8.35,17.99,-31.58,2.0711
82321,4.403625638,0.802562562,18.1,22.57,-51.35,4.8394
82350,4.4051146193,0.2314515994,9.99,-28.11,-24.9,5.9264
82363,4.4060190813,-1.0304653683,10.9,39.73,-24.91,3.876
82369,4.4062271839,-0.1881954013,31.27,72.33,-78.8,4.7415
82396,4.4077013945,-0.5985189437,51.19,-614.85,-255.98,2.4532
82402,4.4083635787,0.1264963198,18.38,52,-9.99,5.5203
82422,4.4097897742,0.5202223506,3.05,-5.54,-2.62,5.8376
82480,4.4131332803,0.021222878,8.61,-17.51,-13.96,5.5303
82493,4.4137720296,-0.7196085534,0.55,0.84,-1.37,5.2539
82504,4.4146107462,0.4303357049,4.67,10.83,5.41,5.2109
82514,4.4151186082,-0.6640511238,6.51,-10.58,-22.06,2.9245
82545,4.4171486137,-0.6635301692,6.88,-11.09,-23.32,3.4829
82587,4.4199096322,0.5532993125,34.26,-90.84,-17.59,5.4157
82650,4.4231324364,-0.7513797909,4.31,-14.59,-33.22,5.8791
82671,4.4243898223,-0.7393567228,1.27,-1.01,-4.01,4.8394
82673,4.4244462618,0.1774204566,13.3,-53.8,-34.04,4.34
82676,4.4245433319,-0.7296590368,1.26,-0.97,-3.19,5.52
82716,4.4263688863,-0.741396241,2.27,0.19,-7.52,5.9669
82729,4.4269625742,-0.7393347215,24.65,-127.72,-229.44,3.7651
82730,4.4270066726,-0.107406321,13.55,-31.3,-21.64,5.397
82764,4.4284192027,0.3657945562,12.08,56.3,2.21,5.5581
82775,4.4286642794,-0.7182179035,1.44,0.47,-2.25,5.8276
82802,4.4303901579,0.3217197517,8.33,-113.08,12.47,5.4944
82860,4.4332351559,1.1368144793,65.54,237.79,50.84,4.9849
82902,4.435230844,-0.9125217201,8.61,-34.67,-42.58,5.919
82925,4.4366297557,-0.4040493335,10.74,-5.91,-8.47,5.5665
82960,4.4383120727,-0.5804872406,3.44,5.46,-7.99,5.5911
83000,4.4404281814,0.1636256036,35.66,-292.13,-10.38,3.3612
83057,4.4431682353,-0.8838537897,6.28,-8.05,-38.68,5.5417
83081,4.4445704416,-0.9772108151,6.71,-17.8,-36.67,3.2393
83150,4.4486975227,-1.2089569635,4.14,-14.28,-12.78,5.756
83153,4.4487749372,-0.9278255832,9.04,2.16,22.04,4.2025
83176,4.4504226072,-0.437940832,6.03,4.1,-15.1,5.9457
83187,4.4510468062,-0.9528974385,19.3,-7.7,-72.18,5.7075
83196,4.4512788773,-0.4361392135,29.67,50.63,-55.32,5.8314
83207,4.4518554078,0.5397664446,21.04,-47.69,26.9,3.9111
83254,4.4548177266,0.3950055652,1.05,-9.17,-23.11,5.8411
83262,4.4552165726,-0.0736957279,8.05,-39.13,-78.09,4.9545
83313,4.4575970398,0.58587682,10.12,3.1,-0.85,5.2848
83336,4.458781688,-0.5610081911,7.29,-8.25,-50.27,5.0001
83367,4.4606732762,0.4451528257,10.42,54.83,99.18,5.9322
83430,4.4642508702,0.2459535505,8.26,25.61,-63.15,5.0446
83431,4.4643129342,-0.9291544207,36.73,0.15,-165.2,5.3839
83478,4.4665386178,0.2374595301,13.03,-21.46,-34.16,5.9266
83535,4.4698409374,-1.0072662893,5.73,-4.08,-25.38,5.7055
83574,4.4716318015,-0.5955573411,0.7,1.6,-3.28,4.9111
83608,4.4738739148,0.9506784466,36.45,-58.16,67.87,5.017
83613,4.4740541046,0.2223698625,24.47,50.18,-12.23,4.927
83635,4.4747519981,-0.0155694798,2.92,4.09,-1.15,5.6735
83692,4.4780864233,0.3854428223,9.54,-96.71,-38.09,5.7213
83838,4.4856475041,0.6271878163,18.43,-24.22,-16.11,5.4836
83895,4.4889304721,1.1469367756,9.93,-20.43,19.61,3.1359
83947,4.4922798024,0.7116931773,11.56,-44.41,7.47,5.2248
83962,4.4933441818,-0.1836616488,24.2,54.63,-109.33,5.5324
84012,4.4958708926,-0.2744556024,36.91,40.13,99.17,2.4393
84033,4.4973026384,-0.7776759678,10.33,-32.58,-69.3,5.214
84105,4.5013986568,-0.8530015431,2.93,8.42,-3.71,5.925
84143,4.503616772,-0.7546540224,44.39,24.47,-288.55,3.4149
84150,4.5041286938,-0.6895232977,15.89,-13.98,-71.79,5.6855
84177,4.5049715603,0.1847470982,2.99,5.14,-26.1,5.4015
84183,4.5053172505,1.0973621658,23.23,16.87,47.34,5.6078
84345,4.5145022838,0.251157294,9.07,-7.32,36.07,2.9137
84379,4.5161793708,0.4335325833,43.41,-21.18,-156.48,3.1501
84380,4.5162470062,0.6424409577,8.66,-27.29,2.82,3.3121
84401,4.5174391396,-0.5855302697,0.89,0.92,-3.05,5.5889
84405,4.5175875107,-0.4642584229,168.54,-465.31,-1140.97,4.4649
84500,4.5227093958,0.0211286705,4.99,-3.46,-15.94,5.908
84514,4.5230720743,-0.0077691929,15.85,-31.46,-63.13,4.8905
84551,4.5250362003,-0.5700717488,20.67,-99.71,-54.79,5.6419
84573,4.5261892889,0.5777059732,4.9,-4.14,-5.43,4.7404
84606,4.5276957547,0.6508567252,18.59,-43.05,64.36,4.6304
84626,4.5291815411,-0.4238860747,11.06,-56.5,-9.39,5.3051
84671,4.531819072,0.1896250096,6.62,8.41,-97.37,5.1585
84690,4.5326083419,-0.7702086869,8.97,-11.93,-16.58,5.7487
84691,4.5326560824,0.5030559718,10.3,48.37,-6.26,5.8437
84720,4.5337075741,-0.8139604791,113.61,1037.56,108.99,5.6072
84769,4.5361868806,1.3986440171,3.4,18.36,-0.11,5.8635
84821,4.5385706583,0.4457159703,7.3,15.41,-14.89,5.3913
84833,4.5392279996,0.3151578741,6.8,9.26,-56.07,5.1016
84835,4.5393939049,0.8070521204,5.85,-30.56,40.86,5.6114
84862,4.5407266518,0.5667131615,69.8,135.55,-1040.49,5.5089
84880,4.5414656527,-0.2242203939,16.05,43.4,2.61,4.3496
84887,4.5417989325,0.4275958921,7.63,-19.02,-0.83,5.1345
84893,4.5422346659,-0.3684814995,57.62,263.84,-205.85,4.4704
84949,4.5453909876,0.6976920162,13.52,3.86,-61.18,5.6831
84950,4.5455173469,0.932362258,5.23,18.51,2.74,5.8201
84969,4.5465488634,-1.1828209688,10.97,-37.85,-7.91,4.9263
84970,4.5466251777,-0.4363233803,7.48,-7.37,-23.94,3.1931
84979,4.5470102288,-1.2238803525,2.47,-1.94,-10.99,5.3884
85068,4.5514632596,-0.9865570669,8.25,8.08,3.68,5.9287
85079,4.5521154611,-0.8284755722,3.49,-4.35,-17.59,5.2107
85084,4.5525161633,-0.4911838289,3.98,1.38,-29.56,5.4239
85112,4.5539256612,0.6483186784,8.29,-39.38,7.71,4.1529
85139,4.555135814,0.1545067967,4.51,4.82,-6.89,5.9291
85147,4.5553876138,-1.0971860769,2.25,0.24,-8.63,5.6388
85157,4.555790387,0.4007341331,23.42,-43.89,-38.27,5.7719
85162,4.5562614666,-0.7707810598,4.42,-6.49,-30.58,5.0962
85169,4.5566762484,-1.058957042,3.67,1.29,-11.63,5.7462
85185,4.5576022406,0.2845074579,8,12.5,-29.11,5.7778
85207,4.5583665918,-0.374223255,10.81,-16.77,-26.24,5.9881
85258,4.5609814586,-0.9691782595,5.05,-8.51,-25.24,2.9935
85267,4.5613932582,-0.9839762802,2.93,-0.44,-15.77,3.271
85290,4.5626807093,1.0480412542,10.32,-8.25,23.63,5.6663
85312,4.5640381261,-0.8837218435,7.16,13.45,8.36,5.3546
85340,4.5656516907,-0.4219337583,39.22,0.1,-118.18,4.2332
85355,4.5662816233,0.0722626064,3.62,0.72,7.03,4.4833
85365,4.5667947133,-0.0887760328,33.25,-92.5,-43.29,4.6189
85379,4.5672533815,0.8422971569,8.68,-0.56,-3.72,5.8793
85382,4.5673932276,0.6055541446,11.31,-27.92,43.38,5.9463
85385,4.5676086312,0.3504784816,5.59,1.16,16.37,5.4821
85389,4.5678163357,-0.8001106362,5.13,-6.46,-27.91,5.2627
85409,4.5693054885,-0.8836665794,1.1,0.19,-2.53,5.925
85423,4.5699456949,-0.5212722448,29.23,17.08,-138.02,4.3741
85442,4.5711305565,-0.5187902112,4.42,-5.38,-31.51,5.9902
85470,4.5725892553,-0.9127553474,9.12,-14.5,-58.43,5.8893
85537,4.576376397,0.005769656,16.77,-65.35,20.1,5.4822
85667,4.5832252731,-0.0185441855,61.19,-127.77,-168.61,5.4509
85670,4.5833783766,0.9128309154,8.58,-15.89,12.28,2.9466
85693,4.5847107282,0.4557160166,8.83,18.81,16.62,4.5456
85696,4.5848227825,-0.6509334659,5.66,-2.37,-30.09,2.6043
85699,4.5849050316,1.5178783628,21.33,55.78,9.54,5.835
85715,4.5855159845,0.5438114478,8.27,3.77,16.33,5.797
85727,4.5862872742,-1.0591287369,16.48,-54.01,-99.25,3.5681
85749,4.5874048766,0.0475507984,8.96,-18.23,19.38,5.7255
85751,4.5875458831,-0.9934580617,1.78,-0.29,-3.72,5.9908
85755,4.5876670822,-0.4182259209,8.04,5.24,-25.72,4.804
85760,4.5878505138,-1.4112562772,3.69,-2.28,-42.6,5.8449
85790,4.58945776,0.4958032981,12.19,6.64,25.93,5.6644
85792,4.5895266472,-0.8705000971,12.2,-33.27,-67.22,2.7869
85805,4.5900624832,1.1891748801,15.46,-12.1,133.96,5.2383
85819,4.5909735486,0.9631444272,33.06,147.39,54.31,4.9606
85822,4.5911538344,1.5112165367,18.95,10.17,53.97,4.3641
85829,4.5913706814,0.9629471345,32.8,142.65,62.43,4.9413
85888,4.5951108806,0.7198366049,10.05,-67.57,-61.71,5.8875
85889,4.5951164573,-0.7186054192,2.15,4.03,-3.38,5.8635
85912,4.5962403726,0.3360962944,26.56,-27.95,-91.53,5.7583
85922,4.5967514364,-0.1002616899,20.79,-41.8,-95.35,5.6724
85930,4.5974439174,0.2847976864,10.76,-5.4,-63.92,5.8437
85998,4.6016108069,0.1673198953,9.66,5.61,-9.79,5.8232
86011,4.6020325948,-0.5686572059,0.77,3.92,-2.76,5.7039
86019,4.6023131878,-0.1962100332,8.11,3.76,3.61,5.5561
86032,4.6030153679,0.2192234059,67.13,108.07,-221.57,2.1262
86036,4.6032514214,1.0799369867,70.47,277.02,-524.88,5.3484
86092,4.6061865257,-0.8116756788,8.62,-25.78,-38.3,4.5653
86170,4.6100578698,-0.6743056532,19.67,-30.86,-205.72,4.427
86182,4.610405457,0.8479765681,9.23,32.41,63.15,5.5199
86201,4.611820918,1.2000393352,43.17,2.58,321.73,4.8698
86254,4.6142941035,0.4242889986,13.04,-5.85,9,5.8
86263,4.6145942048,-0.2687529224,30.98,-42.1,-59.94,3.6075
86284,4.6157209926,-0.1416984132,4.32,-11.31,-20.47,4.6423
86305,4.6168006709,-0.9512056676,22.44,-51.04,-149.89,5.3085
86313,4.6170876707,-0.1906989812,8.49,-13.9,-8.37,5.8998
86414,4.6227875849,0.8029618018,7.17,-7.48,4.53,3.7497
86486,4.6268483764,-0.8624571505,46.62,103.22,-176.51,4.85
86552,4.6306662465,-0.8189400947,4.07,10.51,-7.52,5.7901
86565,4.6312978188,-0.2247141594,18.83,-72.9,-55.55,4.2762
86614,4.6335806147,1.2592463153,43.79,25.32,-268.47,4.6681
86620,4.6337064965,1.2593872767,43.36,34.89,-275.94,5.868
86623,4.6337501333,0.2784180493,28.69,-7.71,104.64,5.6258
86667,4.6359142771,0.4287280888,8.04,-54.82,-103.19,5.6946
86670,4.6359784471,-0.6812006283,6.75,-6.05,-25.54,2.3164
86698,4.6375646759,-0.6448207416,4.73,8.08,-22.47,5.6553
86731,4.6397861043,0.4245975221,25.6,-116.57,72.93,5.8684
86736,4.6400927109,-0.3784412352,56.65,-97.54,-44.56,4.9689
86742,4.6402761139,0.0797077386,39.85,-41.45,159.34,2.9279
86782,4.6425149473,0.9390177689,6.12,13.82,-16.51,5.7652
86796,4.6432097315,-0.9046667772,64.47,-16.85,-190.6,5.2585
86847,4.6456305579,-0.7457669755,13.87,5.36,-0.77,5.9239
86929,4.6501390773,-1.1296422722,9.26,-11.96,-56.57,3.77
86974,4.6533182298,0.4838488873,120.33,-291.66,-749.6,3.5596
87044,4.6562504285,0.3088716338,6.99,11.76,-11.25,5.6341
87072,4.6581112049,-0.4857384391,3.31,-4.08,-10.05,4.6672
87073,4.6582169509,-0.7003479526,1.69,0.01,-6.24,3.1092
87074,4.6583414171,-0.2570133629,5.44,-21.65,-18.65,5.9432
87108,4.6595617998,0.0472540679,31.73,-24.64,-74.42,3.7637
87158,4.6618291617,0.3589344192,12.58,24.28,4.72,5.8558
87194,4.6636033297,0.447205053,15.39,-4.23,-38.15,5.2614
87212,4.6647075951,0.8862877002,15.03,-54.05,217.38,5.0431
87220,4.66515407,-0.5533249534,5.86,5.55,-9.09,4.7954
87234,4.6663513325,1.3432451515,31.49,36.64,247.11,5.1318
87261,4.6681340591,-0.6465287913,25.92,40.59,27.24,3.3521
87294,4.6695636867,-0.6997099717,1.28,3.9,-2.42,4.8648
87308,4.6704190421,0.5117659079,12.86,31.21,48.44,5.6832
87314,4.6708203489,-0.935712562,3.3,3.18,-11.4,5.6496
87393,4.6756986539,-1.0500602096,8.12,0.91,-15.42,5.9411
87460,4.6784757142,-0.6073603299,3.87,1.88,-5.68,5.853
87558,4.6828827298,0.1064869735,32.13,-126.91,68.82,5.8676
87563,4.683156307,0.6982684799,9.22,7.36,51.06,5.3146
87569,4.6835525561,-0.6090345528,3.96,0.88,-4.93,5.7446
87585,4.6841458792,0.992611542,28.98,93.82,78.5,3.8948
87616,4.6858288322,-0.6065492172,3.17,1.94,-3.27,5.9758
87728,4.6913823357,1.2567266643,3.09,8.33,-2.48,5.5071
87747,4.69240395,0.4546578933,0.76,4.34,5.89,5.555
87777,4.6942675063,0.3920746222,7.5,-1.44,-0.73,5.7835
87808,4.6960395059,0.6501442499,4.33,2.67,6.47,4.0284
87812,4.6962739957,0.0116999149,2.4,-4.72,-0.63,5.8491
87813,4.6963204043,-0.2759777551,13.52,-9.77,-65.32,5.9463
87833,4.6975811581,0.8986517235,21.14,-8.48,-22.79,2.3617
87836,4.6979768574,-0.4898327448,19.49,30.78,-18.4,5.8295
87846,4.6983845773,-0.7739173605,11.25,-3.96,-20.31,5.0111
87847,4.6984080317,-0.0712408855,8.15,-5.51,-8.36,5.6086
87875,4.6996119279,0.0011639165,8.44,15.85,-7.8,5.9881
87933,4.7026319059,0.5104725974,23.84,82.44,-18.73,3.8533
87936,4.7027755963,-0.7280860585,7.22,-3.97,-15.02,4.9671
87998,4.7058548778,0.5269021406,3.79,-0.81,2.18,4.4885
88012,4.7065021502,-0.5019405636,1.8,-1.53,-4.92,5.9788
88038,4.707711445,-0.6433005843,8.21,11.16,13.86,5.8982
88048,4.7081418325,-0.1705771307,21.64,-9.48,-116.69,3.4871
88060,4.7084096027,-0.5280145456,3.22,3.15,-6.97,5.0748
88101,4.7106992678,-0.0841407822,5.82,-2.83,-88.04,5.9597
88116,4.7114840802,-0.4156678122,7.85,-2.59,-51.07,4.7346
88122,4.7121128668,0.7941503023,5.7,2.78,-34.46,5.7951
88128,4.7126377361,0.2923591402,4.86,-7.51,-10.46,4.8451
88136,4.7130483536,1.3963295517,15.74,41.35,127.7,5.8579
88149,4.7135378089,0.0762472666,5.01,1.23,-12.73,4.7437
88175,4.7144921363,-0.0644054603,42.46,155.51,-44.43,4.7088
88192,4.7152044522,0.0511658503,2.65,1.15,-9.35,3.9704
88267,4.7189632632,0.3769158785,7.82,8.36,37.46,4.3512
88290,4.7200385798,0.022778456,11.15,15.93,-13.29,4.452
88298,4.7207069935,-0.3975910778,-0.14,0.61,-1.63,5.7321
88331,4.7227918479,0.3636157596,3.47,-2.29,-7.03,5.2236
88380,4.7248315737,-0.4238082628,3.02,1.22,-17.52,5.4967
88404,4.7258360603,-0.1427724316,19.48,15.78,-37.79,4.8588
88469,4.7292928239,-0.425174878,0.49,0.19,-1.49,5.9561
88567,4.7342944866,-0.5162697199,3.75,2.62,-5.28,4.8104
88601,4.7361845585,0.0436758008,196.72,124.16,-962.82,4.1502
88635,4.7377344027,-0.5309928658,33.67,-53.92,-180.9,3.1356
88636,4.737812464,0.5625322208,4.71,18.54,-20.03,5.8878
88657,4.7387077294,0.3877928171,4.42,-12.67,-5.83,5.0243
88670,4.739107129,-0.1452797244,6.3,-3.76,-16.57,5.897
88684,4.739668016,-0.0829236916,27.2,142.93,-31.35,5.9059
88714,4.7413235439,-0.8742608091,4.01,-8.27,-8.7,3.6327
88726,4.7421966225,-0.7579085671,23.9,10.73,-106.59,4.988
88745,4.7430491557,0.5334052301,63.93,-100.32,110.08,5.1608
88765,4.7442670063,0.1524334593,11.96,8.28,29.45,4.8038
88771,4.7444609112,0.1669172444,37.55,-62.17,79.66,3.7636
88788,4.7450221666,0.7585555609,7.96,1.38,-53.94,5.1545
88794,4.7452993989,0.5019998075,9.65,-0.02,8.55,3.8384
88816,4.746452265,-0.2993990283,12.97,-103.86,59.06,5.6854
88817,4.7465326952,0.4554832485,25.92,-6.36,26.54,5.8356
88818,4.7465364541,0.4555522299,20.16,-4.98,21.94,5.9509
88836,4.7474633581,0.6353298076,15.72,-95.17,-186.26,5.6564
88839,4.7476564808,-0.4966686305,9.62,25.43,-31.18,4.7076
88866,4.7498256304,-1.1112170736,25.09,18.02,-207.57,4.3993
88886,4.7506038819,0.3632828148,3.56,-1.92,-5.89,4.3015
88899,4.7511395348,0.3498562033,9.92,8.39,-21.07,5.1564
88964,4.7541215573,0.0696959991,18.25,48.88,-2.96,5.7922
89000,4.7555862814,0.0544594547,21.31,14.18,-192.66,5.7738
89008,4.7559484983,0.6364562496,8.28,12.72,11.12,5.7328
89020,4.7564443958,-0.5363152036,7.26,13.94,-28.91,5.6792
89042,4.7579318479,-1.0821524417,56.78,-77.69,234.43,5.5927
89065,4.7589520957,0.0580194307,8.09,18.39,-4.72,5.6622
89099,4.7607881327,-0.7218510821,12.09,31.39,-38.34,5.932
89112,4.7613873693,-0.8020543142,7.8,-15.46,-37.16,4.683
89153,4.7635364332,-0.4136634143,12.74,7.82,-28.31,5.1321
89172,4.7643246622,0.5481256858,5.99,-14.71,24.99,5.0243
89234,4.7672334697,-1.2858151067,23.73,-55.44,-262.62,5.9604
89290,4.7700357323,-0.7214509861,2.8,-2.84,-5.5,5.4118
89341,4.7724434803,-0.3675459292,0.09,0.3,-0.48,3.8729
89348,4.7729925216,1.1239431568,43.63,351.73,36.07,5.0878
89369,4.7746325194,-0.3789652135,7.2,-16.27,-23.49,5.6054
89439,4.7787773351,-0.3617765043,0.1,1.6,-1.51,5.3438
89440,4.7787819707,-0.3558371945,-0.43,-0.01,-1.38,5.9569
89482,4.7806589412,0.7358193455,5.51,-2.9,0.63,5.5307
89487,4.7807959435,-1.1005227376,11.07,-35.84,-24.54,5.7445
89507,4.7817217239,-0.7715489066,10.86,67.6,14.87,5.6106
89605,4.7871136121,-0.977791392,4.29,-4.1,-13.3,5.3545
89609,4.7874111679,-0.3032309202,3.34,-1.53,-14.63,5.9366
89642,4.7893092322,-0.6416053924,22.35,-129.56,-166.26,3.1512
89678,4.7911606275,-0.4719830077,4.28,5.28,-3.57,4.7764
89772,4.7959875832,0.1267067487,21.37,-45.16,1.59,5.5732
89773,4.7960683956,0.4266639962,3.35,8.97,5.28,5.4386
89826,4.7990533896,0.6294433447,12.96,-16.75,41.09,4.4951
89851,4.8002931039,-0.2763136025,6.26,39.38,-38.56,5.5206
89861,4.800957431,0.3832994514,8.32,17.78,-59.59,5.019
89908,4.8029600357,1.2450782239,10.77,-5.03,37.86,4.2004
89918,4.803441507,0.0589422983,12.52,1.79,8.88,5.0124
89925,4.803798377,0.5211342599,17.8,1.14,54.02,5.6804
89931,4.8039912526,-0.5205974986,9.38,32.54,-25.57,2.8654
89935,4.8040927662,0.5038736745,12.4,3.76,48.39,5.1845
89937,4.804188834,1.269442503,124.11,531.21,-349.71,3.6666
89962,4.8053947027,-0.0505643176,53.93,-547.75,-701.42,3.3995
89968,4.8056905263,-0.3291688081,2.64,-3.12,-7.01,5.8554
89981,4.8063956724,0.8573313744,5.03,-24.05,50.95,5.0955
90023,4.8090142764,0.4063996889,5.01,11.46,77.16,5.5176
90037,4.8097350209,-0.6746888751,6.73,-40.59,-29.87,5.2196
90067,4.8119451583,0.3111324667,8.99,72.33,15.33,5.4133
90074,4.8122420297,-0.6400033818,5.86,-2.91,-25.62,5.2957
90096,4.8136302586,-0.2096962029,5.3,-8.36,-18.31,5.7185
90098,4.813735949,-1.0732711118,6.96,3.17,-2.21,4.4875
90124,4.8148413392,-0.6324724152,11.38,7.66,5.13,5.6889
90133,4.8153952805,-1.3097705681,16.81,4.39,20.28,5.4885
90135,4.8156218466,-0.1559366207,15.78,49.59,51.24,4.8265
90139,4.8157827782,0.3799641544,27.42,195.79,-242.98,4.0052
90156,4.8167195997,1.0262638086,17.71,-37.82,61.6,5.0103
90191,4.8181124294,0.6895315869,7.43,-21.14,-4.91,5.1344
90200,4.818435245,-0.7698682423,6.69,-0.23,-22.2,5.1767
90260,4.8215820776,-0.5368004627,5.1,-128.08,-68.91,5.7239
90289,4.823001802,-0.358518713,7.95,8.46,-28.07,4.9358
90313,4.8242937775,0.1401852717,4.14,-4.07,-6.34,5.7925
90342,4.8257460544,0.5206140786,8.05,23.2,-24.65,5.8433
90344,4.825761795,1.1442997543,10.36,105.83,-27.24,4.9835
90414,4.8297630249,-0.8398019717,6.55,3.15,-55.4,5.597
90422,4.8300845506,-0.8022986967,11.74,-16.95,-53.09,3.4234
90441,4.8311084496,0.003423107,6.95,-3.67,-8.61,5.305
90496,4.8344361918,-0.4436844643,41.72,-44.76,-185.66,2.9838
90497,4.8344728522,0.1081084936,4.61,-0.89,-22.9,5.7062
90541,4.8365338108,-0.6806010842,7.93,0.68,-40.58,5.6842
90568,4.8381789279,-0.8564336043,25.84,139.1,-228.66,4.2661
90595,4.8397872487,-0.2542212491,10.21,3.22,-4.02,4.7103
90637,4.8415222847,0.4165438817,2.66,-0.11,-2.24,5.8467
90642,4.8419042263,-0.034648727,14.2,29.14,-33.47,5.5387
90647,4.8421951984,1.3534516931,7.98,1.64,-0.43,5.813
90662,4.8429917879,-0.8241534302,5.05,28.66,-12.09,5.8512
90664,4.8430470153,-1.0039671903,10.25,55.7,-24.1,5.9044
90687,4.8441499316,-0.326875285,11.09,34.11,-91.86,5.7947
90762,4.8479769622,0.29545992,7.49,-31.89,-20.45,5.7849
90763,4.8480043444,-0.5757666963,11.25,-0.96,-45.28,5.4324
90797,4.8492828969,-1.0869594912,7.43,-1.11,-45.31,4.5883
90804,4.8495204387,-0.188422134,3.03,1.25,-17.76,5.8048
90806,4.8495646434,-0.3211867518,14.62,-6.11,-22.46,5.1348
90830,4.8509561985,-0.8013634494,4.61,-3.75,-27.43,4.8913
90842,4.8517407031,-0.7593467565,2.96,-1.5,-6.82,5.8655
90844,4.8517963226,-0.0175050574,5.31,8.93,-3.62,5.9863
90853,4.8521567091,-0.7986164829,2.73,0.16,-10.23,5.038
90887,4.8535647935,-0.6929639488,14.23,32.47,-37.47,5.1928
90905,4.8545258505,0.9956338266,1.54,0.08,-7.45,4.8984
90913,4.8551658072,-0.2594546076,1.13,0.82,-3.29,5.5517
90923,4.8556477014,0.5332710527,9.12,13.04,11.47,5.4532
90968,4.8580609437,-0.6758950363,3.35,2.76,-21.97,5.6534
90982,4.8585719418,-0.7384917231,5.85,33.27,-20.72,4.7824
90991,4.8592151005,-0.2592440712,14.37,27.34,-9.1,5.7637
91004,4.8602683885,-0.4194421601,1.58,-1.9,-7.26,5.5877
91013,4.860501877,0.9137411142,5.11,-4.19,2.61,5.5435
91014,4.8605794141,-0.5762471996,2.47,1.9,-10.66,5.2447
91105,4.8652771734,-0.1915881742,9.91,49.69,-4.76,5.2803
91117,4.8660097911,-0.1438728697,16.38,-17,-313.52,4.0071
91118,4.8660208283,0.3177091283,5.04,21.89,7.8,5.7972
91139,4.8673156653,0.411994189,6.93,3.04,0.56,5.7882
91217,4.8714929172,0.159223187,25.96,-6.34,-134.72,5.4678
91235,4.872184772,0.5841449024,6.47,-8.68,0.89,5.3754
91237,4.8723115203,0.1164510897,30.23,-30.78,-144.55,5.5205
91315,4.87626894,1.0912926441,8.4,-8.79,51.61,5.7274
91322,4.8764466226,-0.0054004701,6.23,12.97,-19.86,5.7961
91347,4.8777900307,-0.3734579626,9.58,-1.36,-66.25,5.9952
91373,4.8786659009,0.6923425443,1.9,6.58,9.46,5.8693
91405,4.8804289567,-0.4102369431,6.62,-2.47,-19.95,5.7836
91438,4.8820820523,-0.3674180204,76.43,-74.85,-152,5.9841
91461,4.8835964034,-0.8361838113,9.14,25.9,15.15,5.9134
91494,4.885117294,-0.7537339753,5.1,-31.94,-43.09,5.4878
91525,4.8863989776,0.9109924697,6.04,5.74,21.36,5.9845
91532,4.8869510175,-0.1359735001,5.6,-20.03,-36.71,5.9413
91726,4.8968428034,-0.1579968617,16.11,9.21,0.82,4.7879
91755,4.8984088048,0.9693454041,9.58,-3.01,23.02,5.0108
91792,4.9001670491,-1.2466490398,14.93,0.81,-158.15,4.1674
91845,4.9022837264,-0.1444302292,6.06,21.06,9.11,5.0466
91854,4.9027257658,-1.1266329174,9.18,13.46,-47.7,5.9273
91875,4.9034255256,-0.6688679497,15.89,1.05,-53.76,5.1458
91883,4.9037653701,0.5572298668,19.88,-32.72,-126.51,5.7703
91918,4.9057830603,-0.6220688763,6.99,-0.68,-27.24,4.7953
91919,4.9058541819,0.6923717076,20.09,11.09,61.39,4.7286
91926,4.9060315072,0.6913702172,20.97,6.18,50.42,4.6493
91971,4.907744845,0.6563319405,20.89,29.04,27.03,4.3992
91973,4.9078796668,0.6561489333,20.97,18.7,20.98,5.7902
91974,4.907982434,-0.436521911,5.64,1.42,-22.54,5.8324
91975,4.9080064294,0.0359550899,7.01,8.88,-15.27,5.0034
91989,4.9085312543,-0.692654383,2.5,7.71,-6.51,5.5577
92024,4.9106915431,-1.1322107542,35.03,32.4,-149.48,4.8364
92027,4.9108006148,0.0959952549,5.3,14.32,0.16,5.8291
92041,4.9116003502,-0.4710779647,13.63,50.61,1.22,3.1339
92043,4.9116278578,0.3586149564,52.06,-8.87,-334.56,4.2992
92056,4.9121387514,1.2930333463,10.33,5.21,81.26,5.4095
92088,4.913426774,0.4653409154,12.8,18.07,24.04,4.9908
92111,4.914599074,-0.3908173454,4.77,30.91,4.5,5.4869
92112,4.9147209319,1.3165681301,11.65,-11.96,68.28,5.3902
92117,4.9151804427,-0.0167837679,8.94,20.44,-21.54,5.9234
92133,4.916234577,0.9248145415,2.52,10.65,-3.37,5.8807
92136,4.9162524695,-0.1767152559,0.96,2.05,-4.58,5.8211
92161,4.9175540586,0.3173223196,34.61,84.08,118.8,4.3895
92175,4.9182271085,-0.0828652458,3.56,-8.44,-16.37,4.3804
92202,4.9195723689,-0.0995722694,0.95,-44.73,-32.78,5.5178
92226,4.9207085419,-0.7052198596,8.24,24.87,-18.77,5.352
92294,4.924588857,-1.1358164602,14.77,-37.81,-78.03,5.7822
92308,4.9254988214,-0.7623597689,9.7,23.89,-19.32,5.5057
92312,4.9257101294,0.3373506993,11.41,15.85,-20.37,5.9081
92367,4.9281757794,-0.7995395068,9.1,73.85,56.57,5.9543
92382,4.9287369471,-0.7580670067,6.77,-2.32,-25.49,5.5784
92390,4.9291085061,-0.3547336423,3.49,-1.89,34.45,5.3628
92398,4.9295306798,0.5726919761,2.49,2.32,-3.87,5.8726
92405,4.9300406212,0.5681236737,14.09,-11.12,-11.9,5.2648
92420,4.9309037606,0.5822885787,3.39,1.9,-3.53,3.5618
92488,4.9348097484,-0.1705902518,1.17,7.82,2.8,5.9461
92512,4.9357916014,1.0365211815,9.54,77.47,25.37,4.7911
92549,4.9374638375,0.9245798132,38.96,-64.89,246.44,5.6623
92609,4.9402298308,-1.0853776876,2.28,-1.86,-13.02,4.1657
92614,4.9404768025,0.373939697,8.04,-7.47,-9.99,5.3833
92630,4.9412602532,-0.813238247,3.15,28.25,-0.56,5.6082
92646,4.9421620224,-0.9094411166,12,39.92,-96.17,5.3384
92689,4.9446298786,0.8850266085,7.15,0.1,-29.36,5.0755
92728,4.946812773,0.6452783752,3.29,0.78,-3.09,5.5377
92747,4.9480150039,-0.3727987623,1.99,2.06,-21.24,5.8432
92761,4.9487483993,-0.3969719926,2.9,2.59,-8.41,5.0022
92768,4.9489721564,0.4871161827,8.98,-6.8,-71.85,5.7947
92782,4.9497367572,1.2443689583,9.48,49.53,42.11,4.9895
92791,4.9502110872,0.6440021457,4.43,-7.36,4.06,4.2177
92814,4.9511438607,-0.272324108,2.33,-1.67,-6.43,5.1307
92818,4.9512722801,0.3952310971,6.91,6.62,1.36,4.7213
92822,4.9514386828,0.8527630484,18.09,-50.28,-133.53,5.9422
92824,4.951473501,-1.5290046738,12.7,-36.88,-134.96,5.4436
92831,4.9518029341,0.7261045875,12.2,-1.15,-2.72,5.627
92845,4.9528860462,-0.3956880067,11.91,109.04,-35.25,5.1716
92855,4.9535292437,-0.4589621517,14.32,15.14,-53.43,2.0095
92862,4.9538323876,0.7670005191,10.94,21.05,82.06,3.9348
92872,4.9543674189,0.1154623492,11.33,7.76,-84.98,5.7238
92882,4.9546277289,-0.2858183896,31.53,-27.07,-184.19,5.6562
92931,4.9567840073,-0.4044576846,5.13,-0.4,-13.89,5.9156
92937,4.9571823386,0.3160058089,10.84,-47.32,-160.08,5.8588
92946,4.95769212,0.0733654477,21.09,36.23,23.15,4.6864
92951,4.957797707,0.0733397876,19.25,42.13,23.98,5.056
92953,4.9579693593,-0.7454406264,11.04,-27.36,-30.01,5.5081
92969,4.9586069943,1.1389696516,10.4,-16.26,-29.05,5.7866
92989,4.959679642,-0.6517615032,7.58,9.05,-23.62,5.3103
92997,4.9600133429,1.0090620264,11.81,-25.4,-59.22,5.8367
93015,4.9608831877,-1.1734465592,6.52,-8.46,16.47,4.4996
93017,4.9612052665,0.5742416614,67.24,201.96,-145.46,5.3301
93026,4.9613626844,-0.1020356925,16.12,60.53,-39.92,4.9936
93051,4.9623050993,0.0442506718,2.87,-6.04,-12,5.5707
93057,4.9625875727,-0.3605210452,1.58,-1.46,-5.75,5.0892
93085,4.9642821156,-0.3683800742,8.93,31.72,-13.33,3.688
93104,4.9656000251,0.6678708799,5.64,-5.14,2.67,5.8639
93124,4.9665341759,0.303005505,2.11,0.44,-8.98,5.4771
93148,4.9674801453,-0.9239529953,5.33,12.18,-8.76,4.8372
93163,4.9681229683,-1.0506991815,5.79,-124.85,33.11,5.283
93174,4.9686232391,-0.6476408702,33.13,-132.4,-110.62,4.9201
93179,4.9688741014,0.2427189762,12.76,1.01,-51.11,5.981
93194,4.9695795758,0.5705403298,5.26,-3.09,1.11,3.2342
93203,4.9702416596,0.2377583299,20.65,18.86,-125.16,5.3783
93225,4.9715560096,-0.2241083448,6.84,-0.75,-22.81,5.505
93244,4.9725440772,0.2629945516,21.05,-50.75,-72.36,4.184
93256,4.9731287031,0.4578074041,10.08,85.97,-11.75,5.423
93279,4.9742481083,0.5610446478,2.95,6.08,9.96,5.1078
93299,4.9751825446,0.8819752379,4.86,7.55,2.89,5.3273
93340,4.9773493854,0.9714209304,6.63,-11.84,-7.98,5.6684
93393,4.9798139378,0.458872078,5.02,-0.66,-9.28,5.668
93408,4.9804686309,0.8191706648,26.71,12.19,-87,5.0663
93429,4.9815217606,-0.1001647677,22.66,-24.41,-39.66,4.1784
93498,4.9849287461,-0.4336514024,12.66,-22.94,-177.67,5.7986
93506,4.9855855848,-0.5215063808,36.98,10.79,21.11,2.6212
93526,4.9868777783,-0.0645597879,6.53,11.68,6.4,5.4095
93542,4.9877752208,-0.7346962495,16.89,56.41,-46.43,4.7352
93552,4.9885645331,-0.6676439777,14.6,13.02,14.45,5.8071
93574,4.9894369365,-1.200010429,17.76,-20.65,-4.94,5.9972
93580,4.9896228205,0.0317463968,18.22,22.63,-68.5,5.8807
93667,4.9934637183,-0.5418729405,6.8,4.7,-19.07,5.5077
93683,4.9946184524,-0.3794582188,22.96,76.35,-58.12,3.9215
93713,4.9956537071,0.9319465364,9,-3.78,21.82,5.4087
93717,4.9958347799,-0.070360418,11.27,21.9,-26.05,5.5647
93718,4.9958466906,0.554041812,5.27,74.41,-75.84,5.7377
93747,4.997794846,0.2419673781,39.28,-7.25,-95.56,2.9935
93763,4.9989996403,-0.2733254278,4.56,0.79,-10.94,5.9404
93805,5.0014554958,-0.0852128124,26.37,-18.69,-91.02,3.4026
93815,5.0018172789,-0.9135163228,17.63,32.47,-115.24,5.2902
93825,5.0021892252,-0.6468671394,57.79,96.74,-281.71,4.3123
93843,5.003108769,0.4996596571,25.02,76.06,84.89,5.6001
93845,5.0031579882,0.4232555734,9.33,57.46,14.1,5.8231
93855,5.0041584291,-0.2832536013,3.86,-0.73,-16,5.998
93862,5.0044113179,-0.8429785734,8.48,13.3,-12.05,5.9599
93864,5.0044729068,-0.4829293709,26.82,-50.61,-249.8,3.4689
93867,5.0046300681,0.1932307262,4.67,-0.89,-32.11,5.0603
93903,5.0060500471,0.6300667828,3.64,-1.04,-4.29,5.2216
93917,5.0065857115,0.5672609832,24.05,122.42,32.36,5.2893
93996,5.0103093578,-0.3366790119,2.52,5.57,-0.19,5.5387
94005,5.0106172448,-0.7067996639,18.27,46.49,-26.18,4.7339
94068,5.0134522756,0.1060007791,21.84,-10.4,-77.22,5.3163
94083,5.0141671997,1.3362379215,36.63,52.15,-120.2,5.1936
94114,5.0155147273,-0.6615537802,26.02,84.87,-95.99,4.126
94141,5.0167914026,-0.3669297384,6.4,-1.36,-36.45,2.9664
94150,5.0172850731,-1.1942300948,26.75,154.63,-42.8,5.4668
94157,5.0176509927,-0.7311573334,2.25,-1.47,-11.8,5.8394
94160,5.0179490454,-0.6866248598,6.88,4.37,-36.65,4.2728
94302,5.025131696,0.9923784325,9.48,47.75,47.35,5.295
94311,5.025530939,0.5459994414,3.66,-3.04,-3.42,5.918
94336,5.0269275052,0.8701206132,40.9,-210.2,621.79,5.9819
94376,5.0289593472,1.1809127583,33.48,95.74,91.92,3.2296
94385,5.0295082962,-0.1385704306,3.33,14.93,-6.63,5.3864
94434,5.0319056555,-0.4521583263,1.92,-1.46,-9.49,5.9443
94437,5.0320399142,-0.2143702367,6.02,11.76,-30.27,5.6348
94477,5.0340167662,0.0400328547,4.59,6.95,-3.28,5.1207
94481,5.0342196059,0.6832260611,2.35,-0.6,-1.26,4.3591
94490,5.0349232581,1.007146697,19.74,-17.85,-63.78,5.1633
94620,5.0408991556,0.3705700403,10.89,35.43,7.66,5.6936
94624,5.041099176,0.2632598539,4.71,0.55,-11.1,5.7457
94630,5.0414443341,0.5327869746,2.57,34.76,-26.22,5.9634
94643,5.0419942081,-0.4408109486,10.93,45.5,-31.08,4.9774
94648,5.0420593851,1.2802900235,22.28,-115.29,103.23,4.617
94703,5.0449498023,0.3733336536,4.02,0.21,-6.84,4.742
94712,5.0455828095,-0.7935324899,5.98,-3.52,12.2,5.5242
94713,5.0456083659,0.6655591072,3.92,-0.8,0.36,4.5178
94720,5.0459492214,0.2538514222,7.96,8.09,1.03,5.651
94727,5.0462575873,0.0843835419,6.08,14.3,-10.62,5.6079
94779,5.0488091876,0.9314501204,26.27,60.07,122.83,3.9512
94789,5.0492535313,-1.1634545885,10.92,8.1,-6.72,5.5607
94820,5.05113452,-0.3307901939,6.77,-9.96,-10.6,5.0468
94827,5.0515381066,0.4018716439,2.68,2.04,-2.78,5.4586
94834,5.0519281305,0.2023777528,7.86,0.94,13.84,5.349
94885,5.0550908444,0.0189383123,8.79,12.3,17.47,5.2687
94982,5.0599527917,0.215978196,9.67,5.21,17.3,5.5969
94986,5.0599995867,-0.6182204921,3.62,5.62,-11.63,5.55
95038,5.0626186828,1.0060970997,4.13,28.12,4.87,5.9999
95066,5.0638428837,-0.094524842,21.15,113.13,46.2,5.1423
95073,5.064049787,-0.0155712783,7.45,5.42,2.83,5.4532
95077,5.0642296022,-0.3909991858,18.06,-10.63,27.33,5.659
95081,5.0643689437,1.1469331779,14.25,15.09,41.12,4.6039
95168,5.0687543266,-0.3114932973,25.69,-25.87,21.46,3.9884
95176,5.0689904369,-0.2784673199,1.83,1.34,-6.25,4.5738
95222,5.0717457189,-0.0044030885,9.64,60.06,-27.71,5.9781
95241,5.072965752,-0.7759543771,10.4,13.67,-19.03,3.9357
95260,5.0738819407,0.4583658695,8.3,0.41,-8.9,5.1604
95261,5.0739034329,-0.9498732582,20.74,25.57,-82.71,5.0409
95294,5.0754945956,-0.7819013566,24.31,93.45,-54.09,4.3514
95347,5.0784100789,-0.7088767591,17.94,30.49,-119.21,3.9295
95372,5.0794587606,0.516989406,3.87,10.63,11.43,4.9499
95408,5.0811023412,-0.4863518066,3.66,11.82,-15.37,5.9915
95447,5.0831093031,0.208442076,65.89,721.02,642.49,5.309
95477,5.0844677691,-0.4277531308,12.95,61.63,-50.66,5.0816
95485,5.0848394852,-0.2425530154,6.46,54.19,56.39,5.8688
95498,5.0853471913,0.3455496974,12.01,96.42,-70.85,5.3097
95501,5.0854351232,0.0543596572,64.41,254.54,82.51,3.4408
95503,5.0854292116,-0.4182232017,6.53,-18.66,-12.73,5.586
95556,5.0882982781,0.6338663192,4.61,4.6,13.58,5.1363
95557,5.0884370032,-0.262728775,4.67,18.63,-0.26,5.7206
95560,5.0885979049,0.3507731393,13.72,2.7,-35.53,5.609
95564,5.0890262104,-0.3800748015,7.56,37.53,-4.11,5.7325
95572,5.0893893015,0.2273057146,17.86,14.03,58.6,5.8701
95582,5.0897209231,0.3471740925,5.32,-0.12,-47.93,5.954
95585,5.0898956743,0.0059092596,1.15,0.57,-2.31,4.7784
95619,5.0917414076,-0.5191151138,14.3,18.63,-50.13,5.6598
95656,5.0938867257,0.9131650372,9.3,-12.26,-26.95,5.7339
95690,5.0954976676,-0.9481553039,6.07,-6.43,9.84,5.847
95732,5.0978737968,0.0511393176,3.39,3.93,-13.86,5.8515
95771,5.0994456248,0.4304883328,10.97,-126.13,-107.44,4.5419
95785,5.1005122077,0.4322950387,6.34,8.83,17.26,5.989
95793,5.1007966273,0.0340431471,16.34,-1.01,-32.83,5.8243
95822,5.1023336479,0.2547495957,10.9,50.25,-23.35,5.7389
95823,5.1024534176,-0.7582568179,16.03,92.56,-114.41,5.7643
95853,5.1038037418,0.9028495279,26.88,20.59,128.33,3.8136
95865,5.1045188186,-0.4709860172,13.94,20.28,-42.64,5.6251
95937,5.1079841453,-0.0486748154,6.17,20.64,-10.63,5.0826
95947,5.1082358543,0.487988736,7.51,-7.17,-6.15,3.2177
95951,5.1083894025,0.4880861927,8.16,-1.9,-1.02,5.0997
96014,5.1108592443,0.8780157078,7.06,-31.5,45.45,5.7099
96052,5.1128199447,0.6013178887,3.79,1.16,-3.47,4.6931
96100,5.1153118045,1.2158906334,173.77,598.07,-1738.4,4.8114
96141,5.1177264367,-0.9282638509,8.64,32.85,-6.52,5.8365
96178,5.1197513155,-0.7901400331,8.22,-16.69,-23.84,5.5879
96229,5.1229215321,0.128793418,30.31,213.73,-156.55,4.6104
96234,5.1231582007,-0.6987361571,7.71,4.43,-2.83,5.9328
96258,5.1239783889,0.894255693,39.82,31.54,-188.14,5.8251
96275,5.1250784871,0.3451108909,5.9,12.29,1.73,4.9733
96288,5.1255416621,0.7402392464,5.66,2.67,-30.61,5.3695
96302,5.1262442609,0.5142248023,5.84,15.06,17.75,5.5161
96327,5.1274321524,-0.1843143873,7.13,6.63,-2.72,5.2829
96341,5.1278496144,-0.8394878497,8.8,-7.51,-37.19,5.0505
96406,5.131387948,-0.4314282444,11.08,5.76,-24.99,5.7009
96441,5.1331982218,0.8765124377,54.54,-8.87,262.45,4.579
96459,5.1340354173,0.7800781961,24.49,-94.81,-104.25,5.3354
96465,5.1343506135,-0.4343001708,17.2,68.3,-21.51,4.5762
96468,5.1344151618,-0.0224545464,8.34,-0.87,-20.39,4.3265
96483,5.1351548897,-0.1226525011,1.94,1.63,-2.65,4.9475
96496,5.1358738235,-0.3181913017,8.21,10.4,-14.73,5.8161
96516,5.1368954698,0.2873295281,6.79,17.25,13.77,5.836
96536,5.1381385356,-0.2496072941,32.72,-104.87,-146.13,5.5725
96556,5.1390679027,-0.0811143428,31.1,105.78,-53.73,5.5444
96620,5.1429869903,0.9594667462,24.46,35.46,162.94,5.9926
96665,5.1452044648,0.0942090769,4.18,3.97,-4.26,5.1849
96683,5.1460017966,0.5262732068,12.25,2.48,36.5,4.8387
96693,5.1462826628,0.7473187749,5,24.12,28.09,5.3929
96757,5.1491418161,0.3144025354,7.67,15.09,-19.65,4.5281
96807,5.1518710935,-0.0108436035,9.26,8.42,23.05,5.6857
96808,5.151873158,-0.2843690329,13.56,68.04,-50.52,5.4627
96825,5.1523656482,0.7945550228,20.15,84.85,119.92,5.1602
96837,5.1532979631,0.305015898,7.42,8.74,-33.41,4.5523
96840,5.1534866483,0.2411296017,0.49,-0.04,-11.47,5.9709
96950,5.1597090585,-0.2814164302,18.41,66.29,-9.67,5.1368
96957,5.159921016,0.2064132583,3.82,1.75,-10.11,5.4016
96977,5.1606916788,0.5659534509,1.66,2.12,-0.44,5.9726
97063,5.1642436739,-0.2699964042,20.44,142.03,-185.99,5.5942
97077,5.1649323194,0.4498040328,9.83,12.01,21.44,5.658
97081,5.1650897075,0.7290778549,5.72,18.32,10.25,5.9653
97118,5.1673782571,0.6519549986,11.28,72.46,35.18,5.0477
97122,5.167512791,1.2101610148,7.57,9.22,-22.45,5.9341
97165,5.1704246155,0.7876791647,19.77,44.07,48.66,2.8683
97229,5.1734406676,0.1328746663,18.65,54.1,0.5,5.9462
97260,5.1749896624,-0.5569090564,4.59,1.29,-13.57,5.5249
97278,5.1760335296,0.185236481,8.26,16.99,-2.98,2.8695
97290,5.176487978,-0.3448926756,15.71,-129.4,-90.55,5.04
97295,5.1767617444,0.5886766574,47.1,23.25,-449.31,5.1064
97365,5.180956447,0.323483842,5.49,-4.31,12.35,3.8364
97376,5.1812845042,0.6703393701,6.9,5,-1.05,5.8083
97421,5.1837079945,-0.9837073186,20.18,92.25,-136.72,5.3919
97433,5.1843706449,1.2264050852,22.04,79.31,39.08,3.9974
97473,5.1866856969,0.2062267005,6.34,16.16,-10.6,5.8489
97496,5.1878929462,0.3340905458,12.79,17.63,26.27,5.0402
97534,5.1898305558,-1.2654232924,22.92,7.16,13.85,5.4624
97598,5.1933764295,-0.8300325241,2.45,7.2,-12.06,5.9867
97630,5.1948260932,0.6758292246,4.71,12.89,105.49,5.2536
97634,5.1950691782,0.708599803,1.54,-2.46,-7.23,5.6647
97635,5.1950985954,0.9248179721,16.11,-10.29,-69.68,5.1838
97646,5.1956107809,-1.0331238628,11.77,22.75,-13.03,5.4503
97650,5.1957581377,-0.1878600635,35.88,-33.35,32.88,5.4717
97675,5.1968269527,0.1817944325,52.11,242.28,-136.48,5.2398
97679,5.1970155477,0.3946204573,5.18,23.02,-15.88,4.8545
97749,5.2003968622,-0.695938482,10.82,18.42,-11.27,5.3147
97757,5.2010136573,0.8207820703,0.91,-2.52,-3.52,5.6045
97765,5.2011970975,0.4361956797,1.93,-0.15,-3.92,5.693
97774,5.2016026991,0.8365680462,1.96,-5.67,-9.7,5.8493
97804,5.2031438386,0.0175523955,2.36,6.91,-8.21,4.044
97816,5.2038229571,-0.9594255797,5.8,17.3,4.1,5.9193
97870,5.2067077393,1.0039738314,5.15,6.24,7,5.1026
97871,5.2068060766,-0.0543582249,12.48,22.28,14.2,5.7002
97886,5.2074575013,0.4202670055,9.75,23.06,36.28,4.5682
97928,5.2104094195,-0.1496474045,5.16,5.36,-18.81,5.8708
97938,5.2108856843,0.1476836548,17.77,101.91,-81.2,4.8749
97961,5.2120666613,0.4244534385,6.93,23.73,-0.87,5.5668
97966,5.2125456293,-0.1435921823,6.76,6.61,-25.75,5.6769
97980,5.2130637579,0.0047762649,8.78,43.22,-13.11,5.6546
97985,5.2133161232,0.6456959968,2.71,11.64,8.55,5.9345
98032,5.2153113639,-0.7307416679,17.94,22.61,51.4,4.2773
98036,5.2155358416,0.1118395311,73,45.27,-481.91,3.8668
98055,5.2169216499,0.9152336137,11.59,-37.62,-31.13,4.9503
98066,5.2178236002,-0.4590161021,38.48,209.41,62.39,4.8317
98068,5.2179353241,0.6717197025,2.26,2.2,0.67,4.925
98073,5.2181990896,1.0270567939,3.56,-9.06,-21.39,5.0998
98085,5.2186263368,0.2903323047,0.99,1.01,-7.61,5.8414
98103,5.2195694878,0.1993813493,14.86,32.29,4.44,5.2938
98110,5.2198722715,0.6123224263,24.17,-33.61,-27.87,4.0619
98143,5.2217446298,0.6326923138,3.14,1.14,-0.5,5.9773
98162,5.2226668787,-0.4742035586,3.92,10.46,-15.52,4.6951
98174,5.2233547242,-1.0280218874,11.71,22.63,-15.37,5.2571
98194,5.2239059002,0.7045514608,2.94,7.1,0.33,5.4366
98234,5.2262021748,0.2930253369,7.16,11.87,18.84,5.5291
98258,5.2270444091,-0.27037354,12.28,18.4,-92.52,5.0317
98325,5.2300215498,0.5407670881,7.01,33.6,-2.78,5.4969
98332,5.2302556549,-1.2071345085,14.26,68.52,-100.46,5.8009
98337,5.2305617932,0.3402011954,12.62,66.21,22.22,3.6215
98353,5.2314190846,-0.4572034413,10.41,35.31,25.69,5.0045
98375,5.232394032,0.4031932923,20.36,-70.16,2.12,5.7644
98383,5.2331090522,0.7988822558,7.2,10.26,-16.62,5.9855
98412,5.2348368812,-0.6156866089,6.29,5.6,-25.81,4.3114
98416,5.235077932,-0.1737874197,45.04,-251.27,-398.65,5.9969
98421,5.235353623,-0.6055879032,20.62,108.23,-69.51,5.3595
98425,5.2356383393,0.6465203258,2.47,0.81,-0.05,5.1062
98438,5.2362282758,0.3057213056,3.2,1.75,-12.41,5.3258
98470,5.2374537609,-0.5882239238,47.06,126.61,-290.04,5.7571
98478,5.2376680907,-1.1684785173,13.65,-4.3,-195.85,5.9109
98495,5.2385616252,-1.2725227738,31.04,81.78,-132.16,3.9531
98512,5.2395019409,-0.7873692068,12.29,1.94,4.42,5.8732
98543,5.240788147,0.4843910704,13.8,58.17,3.84,4.7148
98571,5.2419181308,0.8744916331,7.51,15.72,6.02,5.2243
98583,5.2424259622,1.1313399554,5.55,9.61,-12.9,5.3131
98608,5.2436033736,-1.0363036938,6.86,20.21,-27.1,4.7635
98609,5.2436022429,0.4328490817,3.02,6.72,-1.55,5.8396
98624,5.2441620123,-1.1683895885,13.8,38.64,-70.82,5.4905
98633,5.2446109373,-0.2380147803,10.99,39.02,10.82,5.7222
98636,5.2448143272,0.4352480067,14.71,89.31,69.44,5.3147
98688,5.2475839593,-0.4836286353,7.27,32.97,14,4.4512
98702,5.2482812169,1.1846151552,7.61,16.44,47.31,4.6767
98754,5.2512603129,0.2797985033,5.11,5.28,-8.99,5.6412
98761,5.2515074731,-0.6621864867,8.9,64.47,-86.43,4.9128
98767,5.2517644887,0.5218199248,63.06,683.94,-524.7,5.8775
98819,5.253911205,0.2979479667,56.28,-394.57,-407.82,5.9202
98823,5.254045138,0.1270239114,7.06,14.74,12.1,5.6799
98842,5.2548636992,-0.5594874485,11.22,45.07,-11.74,5.1365
98844,5.2551247838,-0.0123747566,7.82,-2.84,-119.98,5.8221
98863,5.2560718934,0.5623210806,0.57,-2.93,-11.07,5.7397
98920,5.258493387,0.3489066282,20.34,29.63,79.94,5.2513
98962,5.2601842095,1.0820211993,18.98,123.37,70.49,5.5682
99026,5.2631595455,0.9279054748,27.35,213.1,254.9,5.9128
99031,5.2637624427,0.6278566983,41.76,-224.32,-440.42,5.5394
99080,5.2660509027,0.4121494513,6.47,15.59,0.31,5.0229
99120,5.2682158814,-0.9229442388,3.02,-12.98,7.5,5.0218
99240,5.2739384964,-1.1550470499,163.71,1211.03,-1130.05,3.6876
99255,5.2747716299,1.3563191281,10.36,11.57,24.34,4.3714
99303,5.2771205676,0.6429721401,3.15,3.32,13.24,4.8843
99404,5.2820589889,0.4695657779,7.7,17.75,12.51,5.551
99461,5.2848284923,-0.6300182046,166.25,456.99,-1574.64,5.4432
99473,5.2853125576,-0.0143374561,11.39,35.26,5.71,3.2245
99500,5.2865109758,1.0834715545,20.68,137.01,80.45,5.8187
99518,5.287473055,0.4679055875,2.31,0.63,-10.18,5.6616
99531,5.2883984392,0.4621427831,4.05,4.08,-10.05,5.8807
99572,5.2902206058,-0.2202085795,36.1,192.35,-196.2,5.9464
99631,5.2937194341,-0.0176150177,4.61,28.12,-30.57,5.5818
99639,5.2940229928,0.8170876033,5.34,13.83,3,4.864
99655,5.2944418259,0.9872895166,20.48,61.82,82.18,4.3218
99663,5.2947158461,1.058375215,5.62,39.69,56.31,5.9392
99675,5.2954673023,0.8157900188,3.69,4.78,1.21,3.9123
99738,5.2981302832,0.5008198492,10.97,12.55,-19.33,5.2522
99742,5.2982804186,0.2652458484,21.75,55.03,58.14,4.9747
99747,5.2984565463,-0.915349125,4.76,22.35,-52.71,5.7763
99770,5.2994001092,0.6423882461,23.42,69.81,69.14,4.9931
99824,5.3025932247,0.4466641237,3.29,6.93,-3.89,4.7129
99825,5.3026431862,-0.4718067545,112.22,1241.85,-180.96,5.8779
99841,5.3031677617,0.5886885641,10.26,-31.97,-117.08,5.8604
99848,5.3034969672,0.8327699897,3.08,5.3,2.33,4.0955
99853,5.3036365203,0.410308099,1.7,2.92,-7.29,5.3413
99874,5.3047942647,0.4854498664,9.63,-34.27,6.41,4.654
99889,5.3058450783,0.7955151199,29.19,9.96,-54.61,5.9701
99951,5.3092244338,0.4305926631,7.45,14.52,-17.12,5.4647
99968,5.3098212922,0.7045035448,2.07,2.27,-1.38,5.3839
100027,5.3129899478,-0.2183095188,5.73,22.98,1.28,4.4114
100044,5.3135970529,0.6638001492,0.32,-3.18,-6.45,4.8623
100064,5.3147616297,-0.21894909,30.82,62.63,2.66,3.7388
100069,5.3150358988,0.7109092273,1.68,-2.33,-6.16,5.8637
100097,5.3163280332,0.9668630236,11.05,-7.21,-30.31,5.7816
100108,5.3166093117,0.6457675234,16,40.22,20.53,5.6041
100122,5.3173688154,0.6105647693,1.03,-0.05,-3.77,5.2876
100195,5.3206070829,-0.3336808911,2.91,8.07,-11.31,5.4364
100221,5.3215596157,1.0865968462,8.63,18.13,23.89,5.7055
100261,5.3236893693,1.2021872123,4.87,17.67,26.56,5.5486
100276,5.3248102196,0.3105464761,5.98,17.21,-31.34,5.9444
100310,5.3261490511,-0.2226873307,12.88,14.74,-14.32,4.7498
100345,5.3276645317,-0.2579841156,9.98,44.92,7.38,3.2104
100357,5.3284550718,1.1166631767,4.65,5.38,14.96,5.8161
100435,5.3322302682,0.4266652147,3.27,1.37,-6.91,5.5015
100437,5.3323696885,0.7992717459,8.05,25.41,38.79,5.7513
100453,5.3329771576,0.7026116358,1.78,2.39,-0.91,2.3548
100469,5.3339792213,-0.7338995904,15.12,30.92,-80.91,5.5916
100541,5.337123001,0.0932542926,13.23,-27.55,-38.91,5.4699
100574,5.339570523,0.6540874143,2.41,5.58,-0.02,5.8061
100587,5.3400963546,0.561824735,13.05,35.84,-5.83,4.5795
100591,5.3402120549,-0.7404193653,10.47,-13.07,13.64,5.699
100754,5.3480178096,0.3736691063,6.86,8.82,-8.9,5.8456
100859,5.3539578873,0.8618998641,26.62,68.8,57.86,5.8132
100881,5.3551940039,-0.3178540243,5.98,11.89,-11.35,5.0747
100907,5.3562900252,0.6709136867,12.28,-22.85,-78.9,5.6639
100965,5.3592119451,1.4210936621,7.16,34.09,16.77,5.5456
101027,5.3619149822,-0.3109071618,33.04,-14.98,-7.29,4.8543
101067,5.3640068257,0.6362551169,1.26,2.5,-1.88,5.9906
101076,5.3642498904,0.5300313048,4.24,6.89,-0.87,4.1032
101084,5.3644953241,0.9785743302,3.76,4.75,4.19,5.8806
101093,5.3650568295,1.0994551026,23.9,45.07,-12.59,4.2715
101101,5.3653572789,-0.0503610618,16.32,70,-22.38,5.0735
101123,5.3664432389,-0.3243343046,15.07,31.7,-83.18,5.9659
101138,5.3671442834,0.8543657282,3.59,10.63,7.22,4.9191
101243,5.3726185589,0.8590575763,8.17,9.21,-31.88,5.5292
101260,5.3734614377,1.3082056034,8.24,6.11,-17.12,5.2254
101345,5.3773240551,-0.1719784846,40.98,307.35,106.94,5.8003
101421,5.3809057021,0.1972803573,9.87,11.96,-28.97,3.9978
101427,5.3812582266,-1.4131027929,6.25,9.72,-17.19,5.9294
101474,5.3839180927,0.6152436529,1.18,-1.58,-5.36,4.7334
101475,5.3839651788,0.8149616227,7.56,9.94,1.54,5.7282
101477,5.3839817174,-0.7769500959,13.94,11.49,-35.42,5.2841
101483,5.3841223723,0.2273675708,13.81,73.15,24.66,5.4185
101589,5.3900500188,0.2561128374,14.82,45.52,11.74,4.6914
101612,5.3912324773,-1.0573431147,35.98,69.86,-186.62,4.8282
101692,5.3962400382,-0.0445044682,2.51,9.84,-15.4,5.0187
101716,5.3977697857,0.4618485877,10.27,15.25,-11.51,5.5851
101769,5.3998210942,0.2547343921,32.33,118.09,-48.06,3.723
101772,5.3999025096,-0.8253952181,33.17,49.24,66.53,3.2707
101773,5.3999934227,-1.0738966208,17.2,59.61,-72.69,4.9562
101800,5.4010010805,0.1985782675,17.26,39.15,-8.26,5.452
101810,5.4014090676,0.3188442717,8.56,35.44,61.57,5.7461
101843,5.4031470136,-1.4187601732,5.11,1.42,-38.4,5.9984
101847,5.4032683583,-0.0192872806,9.67,14.84,-16.45,4.4737
101867,5.4040696713,0.3700303966,14.01,74.53,-0.16,4.8068
101868,5.4041144638,0.4209032078,6.24,9.34,-7.92,5.0151
101882,5.4049926961,0.2323927837,1.62,3.53,-0.47,5.8469
101899,5.4061235829,0.5294355866,9.21,-27.53,-65.23,5.8477
101909,5.4065186865,0.2764293597,2.42,-0.71,-14.59,5.9349
101916,5.4067094956,0.1760365628,33.2,323.83,21.8,5.2133
101923,5.4073439062,-0.2610089713,2.87,2.62,-19.46,5.2029
101936,5.4079631545,0.0084908829,13.99,101.95,-20.5,5.3213
101958,5.4089393078,0.2777177099,12.85,53.82,8.47,3.765
101983,5.4106854908,-1.05675339,40.55,313.48,-569.91,5.2317
101984,5.4107358266,-0.3165784024,5.62,-22.41,-21.67,5.2281
102014,5.4119614889,-0.5834972616,13.77,20.95,34.25,5.6409
102026,5.4128884764,-0.2814231585,9.96,-68.92,75.13,5.9557
102066,5.4150687248,0.5638690347,4.09,2.74,-11.13,5.6858
102092,5.4165989749,-0.5514916199,7.2,111.66,-59.81,5.8406
102155,5.4189926407,0.7280967678,2.98,4.38,1.47,5.6443
102157,5.4190337431,-1.1651927226,4.15,9.15,-23.79,5.1265
102177,5.42016556,0.8785991072,2.56,1.94,1.84,5.3772
102208,5.4217998576,1.4404395318,9.25,30.35,21.79,5.7587
102253,5.4244094092,1.1633904582,23.37,24.55,33.87,5.6598
102281,5.4256138327,0.2631028406,14.61,-20.44,-43.33,4.504
102333,5.4281329938,-0.9061896167,41.37,155.8,-53.86,4.584
102358,5.4295768318,0.9859087158,2.97,9.61,-1.32,5.9499
102388,5.4317935644,0.4410629957,10.04,-29.06,-177.96,5.0868
102395,5.4321595407,-1.1554644831,24.14,-42.67,9.94,3.4733
102422,5.4335931078,1.0792556574,70.1,86.5,818.02,3.5692
102431,5.4338787568,1.0049657852,36.64,-62.32,-236,4.6297
102453,5.4352286626,0.5361591569,16.22,-8.98,24.11,4.3754
102485,5.4371199458,-0.4410537256,68.13,-51.96,-156.56,4.232
102487,5.4374259272,-0.3754899812,12.37,22.65,-17.21,5.9411
102488,5.4376047148,0.5928788067,44.86,355.66,330.6,2.6429
102497,5.4381573433,-0.6841549229,10.05,48.5,-29.45,5.4638
102531,5.4395271707,0.2814277471,26.35,-25.47,-199.77,5.2448
102532,5.4395744565,0.2814304147,25.82,-24.17,-199.96,4.4364
102571,5.441843843,0.5999412818,7.33,39.24,8.04,5.0907
102589,5.4428475961,0.6368835017,4.24,14.71,-8.96,4.5206
102599,5.4435042399,1.4059037516,8.18,-28.18,-37.16,5.5306
102618,5.4440115501,-0.1657310527,15.7,33.98,-34.77,3.7818
102624,5.4442810213,-0.087748229,5.57,1.68,-40.06,4.492
102633,5.4445784605,0.1048635873,7.61,7.63,-13.75,5.5845
102635,5.4446487107,0.8348243608,5.56,-8.76,-18.3,5.7362
102693,5.4475361536,-0.7677401853,28.23,172.34,-109.61,5.1917
102724,5.4495210391,0.8048435903,1.4,-2.65,-2.84,4.9239
102772,5.4510709038,-0.4499667295,3.38,11.06,-18.87,5.8384
102773,5.4511195894,-1.2003746327,10.8,-64.66,-49.81,5.5814
102790,5.4518943792,-0.8068114772,7.9,38.49,26.22,5.018
102831,5.4540142558,-0.5895665123,8.62,0.76,-21.07,5.0571
102843,5.4545052704,0.7689743058,24.41,123.27,131.81,5.1189
102916,5.45857274,-0.6617117414,5.55,-7.85,-17.35,5.6668
102949,5.4605705729,0.4930645725,2.71,5.06,-4.38,5.7914
102950,5.4607025269,-0.9007324318,6.99,-0.41,-5.02,5.2257
102962,5.4613099999,-1.0895953593,13.1,83.74,-46.35,5.7148
102978,5.4621021643,-0.4698273838,3.87,-8.36,-0.36,4.2197
103004,5.463442369,0.4729340977,17.3,-75.44,-62.03,4.7191
103005,5.4635127413,-0.0961160508,5.02,0.7,-5.52,5.5292
103045,5.4657316812,-0.1567870768,20.74,45.75,-33.59,4.8052
103089,5.468316189,0.7747039447,6.21,11.94,-2.08,4.7404
103094,5.4685935089,0.7885691349,3.24,10.02,-4.1,5.6436
103127,5.4701638283,-0.6948090841,8.15,43.91,-96.64,5.5067
103145,5.4711640731,0.5835998563,5.43,-20.95,34.56,5.596
103200,5.4740533766,0.4896980516,5.6,0.29,-3.76,5.1534
103226,5.4750871282,-0.3128127932,8.94,-58.32,-17.64,5.9352
103227,5.4751400131,-1.0202164157,5.33,20.79,-25.2,3.834
103294,5.4786378993,0.2394864665,6.8,17.36,-11.28,5.3553
103298,5.4787741931,0.2193618263,16.53,31.55,21.18,5.5874
103312,5.4795925172,0.8275943918,-0.22,-2.09,-3.91,5.801
103359,5.4821839006,0.8853819633,19.5,38.87,-21.71,5.9125
103371,5.4828629911,0.7840844075,0.6,0.38,-1.55,5.9741
103389,5.483771443,-0.4589556038,45.52,93.79,-64.78,5.8109
103401,5.4842630147,-0.1692535963,5.97,-4.18,-12.1,5.6158
103413,5.4854543272,0.718503078,8.71,9.64,-22.75,3.9504
103460,5.4876506813,-0.2798032183,18.23,51.78,1.07,5.9378
103511,5.4902497031,0.3896607689,7.21,-2.56,-4.17,5.4389
103519,5.4904699754,0.7761748148,12.61,101.61,70.37,5.7165
103527,5.4909485747,0.1891826865,13.28,-48.75,-34.43,5.6682
103530,5.4912440285,0.8807242592,3.02,8.89,2.54,5.546
103569,5.493754204,0.0749417644,18.49,-115.75,-151.7,5.314
103571,5.4938002846,0.0749615489,17.68,-116.44,-152.18,5.3441
103598,5.4952660513,1.0373985172,5.3,45.57,14.85,5.6853
103632,5.4970272092,0.8293969577,2.3,8.12,2.15,4.7199
103673,5.499355335,-0.8947541117,35.7,-88.58,132.12,5.8728
103675,5.4998013898,0.3373673611,6.23,-15.31,-59.32,5.7633
103732,5.5029447757,0.8055700682,2.14,6.98,3.15,5.3463
103738,5.5034203151,-0.5630042423,14.24,-1.73,0.41,4.8136
103810,5.5071680319,0.9890712989,3.54,8.92,1.13,5.8002
103882,5.5107298273,-0.6742413306,28.27,-29.16,-108.85,5.4139
103981,5.5155831351,-0.1016313774,6.5,20.35,-6.67,5.6679
104019,5.5170093752,-0.3465339243,20.2,-37.62,-24.95,4.9015
104031,5.5177598018,0.0960430323,4.24,13.15,0.66,5.741
104043,5.5183695744,-1.3443026706,22.97,12.74,-369.24,5.2252
104060,5.5193023873,0.7666856349,3.87,7.97,0.06,3.8343
104085,5.5206388288,-0.9551654712,8.92,16.12,-37.41,5.3336
104105,5.5217280272,1.3635615536,8.1,19.41,29.59,5.894
104139,5.5237328725,-0.3007675455,20.11,79.33,-62.01,4.0838
104148,5.524048779,-0.5257796363,10.82,33.46,-67.91,5.856
104171,5.5256682523,1.246724971,20.52,-48.42,-115.55,5.9715
104174,5.5257619443,-0.5644680757,9.94,-5.56,8.49,5.3628
104177,5.5258213058,-0.7223208507,4.58,28.01,-12,5.6961
104185,5.5261663217,0.544275142,1.93,4.25,-5.02,5.8961
104194,5.5265914877,0.8316215669,3.16,6.53,-1.41,4.6764
104214,5.5276638884,0.6761666472,286.82,4168.31,3269.2,5.3685
104234,5.5288893043,-0.4364326346,7.15,-28.09,-44.14,4.6097
104364,5.5350721042,-1.1157588167,6.37,-7.08,4.54,5.9181
104365,5.5351381267,-0.3698967982,18.14,19.83,-60.15,5.3239
104371,5.5355206387,0.5271887056,8.64,25.14,-20.88,5.5937
104382,5.5360399969,-1.5525840108,11.61,25.75,4.98,5.5179
104440,5.5386218435,-1.2770970243,50.59,460.33,-285.96,5.7855
104459,5.5396454391,-0.1984728172,20.47,94.12,-14.62,4.6675
104516,5.5425513999,0.9348526164,7.36,22.32,-4.14,5.714
104521,5.5429090802,0.1768358642,27.55,48.74,-153.03,4.7812
104642,5.549291832,1.046964017,0.76,-2.39,-3.17,5.6772
104680,5.5511409992,-0.7028236457,31.58,57.44,-219.29,5.9292
104732,5.5542326582,0.5275620911,22.79,6.51,-68.21,3.3743
104738,5.5547232401,-0.6880898433,30.34,186.38,-113.98,5.354
104750,5.5557660538,-0.4820435115,8.89,97.1,-117.19,5.5486
104755,5.5559966665,-1.2239333853,3.65,41.28,-19.69,5.1359
104858,5.5609673499,0.174667643,54.09,42.39,-304.19,4.5928
104887,5.5623168101,0.6639986561,49.16,196.99,410.28,3.8228
104963,5.5659924626,-0.3604399916,5.07,15.01,-2.07,5.334
104974,5.566496942,-0.264792845,5.33,24.84,4.76,5.3468
104978,5.5665702953,-0.9296155939,7.62,35.28,-13.53,5.7886
104987,5.5668292305,0.0915961702,17.14,59.88,-94.09,4.0423
105102,5.5737782368,0.6875670489,1.13,-0.13,-3.58,4.2677
105138,5.5759682894,0.6090654747,5.08,10.03,6.49,4.3744
105140,5.5760540002,-0.5615158002,17.9,54.36,-23.29,4.7454
105143,5.5761289066,-0.3138998452,6.11,16.1,-1.07,5.3607
105164,5.5771317024,-0.0788803533,3.21,12.11,12.94,5.7858
105186,5.578303668,0.7670018138,0.7,4.85,-8.4,5.0231
105199,5.5788418042,1.0923222563,66.5,150.55,49.09,2.5141
105259,5.5818314163,1.0231732712,1.69,-3.9,-3.02,5.643
105268,5.5823056657,1.1322272402,1.64,5.2,5.69,5.179
105282,5.5827801331,0.8641175592,5.98,14.18,2.47,5.712
105319,5.5844633843,-0.9328656395,33.02,107.9,-66.41,4.4458
105382,5.588368537,-0.712260284,16.54,71.92,20.38,4.8277
105411,5.5897251905,0.4163702545,12.06,243.59,-119.16,5.7487
105413,5.5897660408,0.1283610447,4.98,42.98,-17.11,5.8904
105497,5.5938082364,0.8619954051,9.91,37.3,61.2,5.8472
105502,5.5941536047,0.3456512143,20.93,105.35,63.51,4.2483
105515,5.5948548929,-0.2938184194,16.58,30,4.52,4.4388
105570,5.5976768255,0.1188763523,9.86,53.98,11.34,5.1828
105576,5.5981778607,-0.3956495451,4.21,36.78,-0.24,5.7197
105652,5.6024152746,0.4236628187,19.3,135.68,18.37,5.7807
105665,5.6032049004,-0.3639283761,13.63,-9.3,-128.48,5.5439
105668,5.6033387262,-0.2247657708,21.23,89.6,8.62,5.5576
105696,5.6043103267,-0.715701839,8.35,24.64,-0.25,5.7614
105703,5.6049775264,0.4568319825,14.57,49.19,5.94,5.7469
105761,5.6078168568,-0.1701371385,10.89,16.42,-169.81,5.7775
105767,5.6081039482,-0.0620739918,8.4,-11.8,-69.54,5.6151
105769,5.608280182,0.815317024,29.88,188.86,47.39,5.671
105811,5.6102896255,0.6399669922,0.36,7.49,-9.65,5.8888
105854,5.6128879818,-0.6602476363,12.37,167.81,-11.19,5.8024
105858,5.6131601046,-1.1408893452,107.97,80.56,800.6,4.3296
105881,5.614144445,-0.3911523446,8.46,-2.23,18.1,3.9246
105891,5.6145027566,0.9232534287,7.28,15.71,4.22,5.9731
105898,5.6149838169,0.8523333758,7.93,59.27,25.49,5.3319
105913,5.6157177078,-0.7426020908,17.72,-49.18,14.4,5.5984
105928,5.6166756772,-0.3699422165,5.82,-25.64,-34.83,5.9227
105942,5.6171505192,0.6478102261,2.5,2.78,2.24,5.2566
105966,5.6185079294,0.4818599849,17.14,41.37,20.94,5.4101
105972,5.6189535259,1.1660395675,4.05,-11.02,-20.53,5.3893
106003,5.6205535178,0.5624347371,22.36,134.02,79.3,5.8333
106032,5.6228381573,1.2315164467,4.76,12.54,8.39,3.1438
106039,5.6231102189,-0.3806068602,19.06,134.83,-5.73,4.6602
106044,5.6232172208,-1.2130958662,7.92,82.51,-46.35,5.3361
106062,5.6243058524,0.3871036252,4.9,33.7,12.75,5.7663
106093,5.6262806913,0.8122820252,15.05,43.27,103.81,5.385
106140,5.6284599229,0.4125754016,8.28,24.74,3.63,4.6178
106227,5.6329987914,1.0552162942,2.16,-1.55,-3.96,5.5688
106278,5.6354878559,-0.0972350084,6.07,18.77,-8.21,3.0404
106327,5.6378397185,-0.7187150038,7,19.84,10.89,5.4585
106340,5.6384734143,-0.592445259,6.48,-5.08,-3.52,5.9935
106393,5.6415279301,0.8722736801,6.62,16.19,10.39,5.7612
106429,5.6434881763,-0.7827573851,4.99,-21.74,-2.54,5.738
106481,5.6460581591,0.7957316651,26.39,-23.79,-93.7,4.1415
106551,5.649520068,0.6725421488,14.09,115.81,94.73,5.0402
106559,5.6498539751,-0.3505385958,36.9,-28.31,43.3,5.7931
106592,5.6517852751,-0.0695215802,7.8,-10.84,-4.78,5.9559
106642,5.655044369,0.7919359435,5.72,65.17,1.74,5.4594
106654,5.6556597348,-0.4567780967,17.11,107.71,-24.4,5.797
106711,5.6590102679,0.7053484751,15.19,-1.48,12.46,5.1005
106723,5.659580821,-0.3397460288,3.09,12.79,0.28,4.4457
106786,5.6625056506,-0.1370806364,18.26,114.2,-25.03,4.7431
106787,5.6625293762,0.3371727353,10.16,100.3,14.09,5.5357
106801,5.663246301,1.0835343796,0,-1.64,-3.02,4.8435
106856,5.6659113516,0.1007346967,18.28,113.1,29.89,5.7321
106886,5.6677836797,1.003373206,1.65,-1.25,-4.58,5.6455
106890,5.6678763263,1.0033446855,1.27,-2.36,-4.66,5.7161
106897,5.6680376618,0.3536988866,25.16,122.21,-0.6,5.8498
106944,5.6703772873,0.0391610456,14.4,-29.55,-83.22,5.2671
106985,5.67270857,-0.2908111754,20.77,187.56,-22.45,3.766
106999,5.6731244488,0.7552702995,8.08,61.45,16,5.18
107089,5.6787539579,-1.350700923,47.17,66.41,-239.1,3.8981
107095,5.679078334,-0.2451639614,30.09,-123.05,-308.5,5.2938
107119,5.6806886467,1.2446150079,17.88,119.29,95.17,4.7136
107128,5.6810931794,-0.4060094048,14.14,90.84,-95.85,5.4033
107129,5.6811252641,0.6197698269,1.6,5.55,2.7,5.9822
107136,5.6814582972,0.8934275335,1.89,5.29,-1.78,4.6443
107144,5.6817823197,0.0224322525,2.92,-4.64,-8.03,5.8103
107151,5.6821699065,0.0991373438,4.47,10.8,-5.2,5.3834
107162,5.6827150103,0.7169292972,7.91,23.48,-1.02,5.7583
107188,5.6839132142,-0.3292790708,11.09,145.85,-9.5,4.8793
107230,5.6857100739,1.2622253029,13.34,-42.05,-39.83,5.3447
107232,5.6857300322,-0.2513232013,7.49,-4.56,20.26,5.9541
107235,5.6858814872,0.7182902484,5.08,-15.3,-12.24,5.5991
107253,5.6872736827,0.668174879,11.88,33.93,-4.58,5.7095
107259,5.6876247903,1.0259054598,0.55,5.36,-3.51,3.9123
107310,5.6903845519,0.5016638713,44.97,260.72,-243.21,4.6029
107315,5.6905834997,0.172351396,4.73,26.92,0.44,2.546
107348,5.6920052392,0.3028153825,3.52,8.66,-11.33,4.5102
107354,5.6925880016,0.4475897395,29.22,48.13,14.29,4.2347
107380,5.6939030868,-0.5764046363,15.97,31.1,-94.56,4.3337
107382,5.6941546392,-0.1585182064,4.12,12.8,-1.31,5.2628
107418,5.6960950383,1.066759387,0.48,-3.74,-2.1,4.3911
107423,5.6962314576,-1.2393377303,4.39,13.1,-11.01,5.9956
107472,5.6988169686,0.4005336143,2.34,8.42,-1.83,5.4378
107516,5.7008149669,-0.0386207503,8.8,24.98,19.54,5.9868
107517,5.7008329442,-0.1983729331,11.58,28.92,-9.66,5.5804
107533,5.7019620021,0.8606144297,2.95,2.77,-2,4.2016
107556,5.7030295246,-0.2814616727,84.27,261.7,-296.7,2.9409
107575,5.7038784071,0.0468818284,5.73,6.97,-2.65,5.6423
107586,5.7047037461,1.0592873386,7.12,-10.73,-2.17,5.6296
107608,5.7060757051,-0.5392771747,10.16,-34.4,-0.08,5.0443
107649,5.7083617763,-0.8255913108,62.52,164.43,-295.37,5.6986
107763,5.7152756683,0.5266405091,11.87,18.12,-26.83,5.0858
107773,5.7159627819,-1.1294452072,9.65,-3.48,-37.79,5.79
107788,5.7165819051,0.3016968593,29.92,91.63,-44.04,5.4265
107835,5.7193876577,-1.2152623637,6,-23.27,-4.65,5.6606
107843,5.719898466,-1.4437158315,7.97,68.14,-31.86,5.4143
107887,5.7228063029,0.3460403093,6.19,20.65,13.34,5.7499
107930,5.724754258,0.9738369075,2.17,17.25,-5.73,5.6923
107975,5.7268584163,0.5025447339,36.43,-58.81,-62.37,5.6173
108022,5.7293168908,0.4524790298,5.16,8.79,-1.06,5.038
108036,5.7303219993,-0.2365235572,37.57,311.22,13.46,5.1704
108060,5.7317606806,0.3432779913,13.83,23.71,24.09,5.7013
108085,5.7330905586,-0.6521391882,15.45,98.07,-13.22,2.9763
108102,5.7341586939,-0.074629536,11.15,51.85,-91.3,5.8819
108165,5.7372723527,0.9880523999,0.33,-2.91,-2.3,5.9029
108226,5.740023642,1.1400632413,3.18,6.3,-1.07,5.8832
108294,5.7437904567,-0.6501985279,9.71,-25.57,-9.91,5.4854
108317,5.744979884,1.110475626,1.33,-0.25,-2.56,5.111
108339,5.7462339439,0.2107751355,8.14,-26.51,-14.12,5.5645
108431,5.7504985214,-0.9598013507,17.34,41.94,-3.93,4.4784
108505,5.7547510942,1.0942856898,3.52,12.12,14.36,5.9927
108535,5.7563215933,1.2772369052,27.23,-68.62,-160.18,5.1402
108543,5.7565234886,-0.6701207948,7.54,43.04,-0.74,5.6691
108612,5.7601624174,0.1172413734,3.04,13.22,0.78,5.9625
108661,5.7632382726,-0.4966114036,3.99,15.57,-1.03,5.4012
108691,5.7643142614,0.0105547671,4.56,6.22,-11.05,5.762
108693,5.7643363752,0.2289865222,12.95,58.44,-56.72,5.6918
108699,5.7646217759,0.1441148249,6.03,-7.67,-1.87,5.7854
108758,5.7676279992,0.9229693131,3.26,9.95,3.02,5.7546
108772,5.7686459438,1.0122974318,1.07,-2.72,-2.74,5.546
108845,5.7724349018,0.7792884921,6.62,-20.85,-33.02,5.5742
108868,5.773871419,-0.1138378256,10.74,46.36,8.01,5.7134
108870,5.7739447418,-0.99099456,276.06,3960.93,-2539.23,4.831
108874,5.7740458306,-0.0376177073,7.49,24.66,-11.16,4.6852
108875,5.7740598311,0.1987328943,5.18,16.79,-2.91,5.8196
108917,5.7761061942,1.1279671034,33.79,215.46,91.06,4.352
108924,5.7765256855,1.1016479644,7.69,36.37,58.91,5.2411
108975,5.7797129991,-0.4681380687,2.65,11.89,-10,5.91
108991,5.7804893093,-0.0158168634,14.68,-19.69,-42.15,5.3574
109005,5.7814380361,1.0958142098,10.76,13.93,58.71,5.4101
109017,5.7820424763,1.0869879361,1.58,-1.16,-2.96,5.123
109023,5.7822260334,0.46554246,8.38,28.36,30.69,5.9083
109056,5.7839233006,0.5055172294,9.4,29.38,-10.75,5.6827
109068,5.7843623465,0.0882837191,12.01,102.09,102.39,4.999
109074,5.7848229225,-0.0055820216,6.23,18.25,-9.39,3.108
109081,5.7851084367,-1.0408435344,6.64,55.87,-54.26,5.7644
109102,5.7859089943,0.7856492442,5.36,-8.76,-15.79,5.2044
109111,5.7862685206,-0.6901563983,13.47,-23.8,-124.58,4.6247
109139,5.7876721702,-0.242069145,18.62,36.89,-58.99,4.2648
109176,5.7901643051,0.4423545037,85.28,296.53,27.29,3.8678
109209,5.7922036331,0.339910488,16.14,122.15,37.32,5.8215
109240,5.7937900974,0.3787904062,5.36,-45.91,-68.33,5.7714
109285,5.7961623239,-0.575756165,24.01,78.81,-29.1,4.5232
109289,5.7963786625,-0.5941750223,7.69,4.55,-49.02,5.1195
109332,5.7987830287,-0.3232275293,1.4,0.3,-7.73,5.7504
109352,5.7998509627,0.5789693071,11.3,-61.14,-66.84,5.7472
109400,5.8023737913,1.2625921128,8.27,32.85,2.68,4.9537
109404,5.8029078868,-0.5936743619,15.78,-14.5,28.8,5.4373
109410,5.8031654165,0.5790700101,12.4,-12.87,-18.95,4.3853
109422,5.8038367094,-0.5680774521,54.71,428.96,13.35,5.0428
109427,5.8040793159,0.1081718284,35.34,282.18,30.46,3.5534
109471,5.8059439584,0.2028887983,4.79,-47.94,-55.93,5.8757
109472,5.8059442673,-0.2018466106,7.25,29.29,8.76,5.3954
109474,5.8060487917,1.224043278,29.77,-64.29,24.59,5.6119
109492,5.806947637,1.01580344,3.9,13.52,5.24,3.512
109521,5.8082940204,0.8870337328,17.81,122.24,47.7,5.4316
109556,5.809807236,1.0369788988,1.65,-7.46,-11.09,5.129
109572,5.8111112103,0.9920284292,26.77,237.16,130.19,5.3618
109592,5.8120928921,1.0604458533,8.92,2.33,9.41,5.531
109620,5.8135786868,1.1046375907,3.44,3.71,-15.19,5.8161
109654,5.8154233282,0.6039661734,12.64,19.56,-50.44,5.51
109693,5.8170496515,1.5028656151,12.71,51.08,40.19,5.2659
109737,5.8195376776,-0.4394900495,12.92,72.34,9.04,5.6927
109745,5.8198861376,0.7930881416,12.96,73.2,4.49,5.5437
109754,5.8201422938,0.6931555752,6.76,36.89,15.27,4.649
109786,5.8219833262,-0.3678229212,13.97,24.3,56.07,5.4748
109789,5.8220355932,-0.484624044,6.51,23.6,2.04,5.4081
109831,5.823896873,0.7496880948,12.14,50.2,-22.33,5.7326
109857,5.8251584756,0.9955962828,38.17,481.53,46.04,4.2584
109908,5.8277187112,-0.7216369277,11.87,47.01,22.5,4.9496
109937,5.829266635,0.6588397086,5.25,8.85,-0.72,4.29
109973,5.8313318262,-0.7265317287,12.29,-12.57,-6.72,5.2712
110000,5.8328935272,-0.2239510087,5.56,1.89,5.03,5.5095
110003,5.8330333615,-0.1358431158,17.4,118.8,-22.18,4.3335
110009,5.8332248933,-0.1577784167,8.83,-57.8,-12.41,5.9623
110023,5.8342358783,-0.0940245743,10.55,-6.05,18.67,5.9069
110078,5.8374497437,-1.3528324162,25.98,-37.85,13.37,5.5621
110103,5.8390422708,1.0961429329,3.54,41.89,9.92,5.9234
110109,5.8392304471,-0.935942168,72.54,438.75,-632.46,5.5015
110130,5.8403209499,-1.0517265895,16.33,-70.72,-39.44,3.0103
110256,5.8469606348,-1.4039366174,11.22,56.81,-43.47,4.9203
110273,5.8477189393,-0.1365040478,3.7,14.75,1.84,5.3365
110298,5.8488575728,0.1010457095,2.56,19.57,2.63,5.3648
110351,5.8513274593,0.8122162789,5.88,22.35,1.45,4.5201
110371,5.8526218577,0.4944607818,4.69,17.78,5.18,4.7984
110386,5.8534758884,0.213020445,2.01,6.32,4.8,4.7989
110391,5.8538034274,-0.3769566415,19.07,-9.97,-84.44,5.2868
110395,5.8540742823,-0.0242138789,19.92,129.53,7.77,3.8423
110478,5.858792633,-0.8019424559,6.13,28.48,-12.14,5.4957
110506,5.8605095535,-0.8016008852,25,233.66,-57.98,5.712
110529,5.8621817711,-0.4321898666,12.45,97.91,-2.61,5.6922
110538,5.8623890691,0.9115767363,19.19,-13.25,-186.77,4.5867
110578,5.8648057843,-0.0844215999,8.04,26.9,-7.35,5.7843
110602,5.8662719636,-0.236132642,7.12,50.28,14.25,5.9276
110609,5.8665603547,0.8635260945,1.45,-5.55,-2.85,4.6112
110618,5.8668072606,-1.26106625,34.84,1302.7,-674.44,5.3997
110649,5.8683927337,-1.0087411433,48.63,180.06,-331.66,5.4504
110668,5.8694253193,-1.2292610609,20.22,121.94,-62.67,5.8679
110672,5.869877701,0.0240400366,4.17,17.83,2.41,4.7397
110725,5.8730898626,1.2351849621,6.51,20.01,5.32,5.6373
110778,5.8755162405,-0.2922055801,49.5,200.59,14.51,5.6854
110785,5.8757395023,0.0766834452,26.21,284.37,53.86,5.868
110787,5.8761197097,1.3750741146,15.83,-13.33,-36.95,5.8918
110817,5.8777825167,1.136772642,0.61,0.1,-2.62,5.5969
110838,5.878841468,-1.1338772223,13,68.45,10.06,4.4819
110882,5.8811397726,0.0819678323,21.99,77.57,-306.12,4.9476
110935,5.88448238,-1.1779032932,23.19,150.63,-70.91,5.6281
110936,5.8846089729,-0.6829717868,11.44,37.43,-160.51,5.633
110960,5.8853811479,-0.0003502047,35.5,182.92,50.36,3.745
110986,5.886701219,0.1593325666,5.47,51.75,-20.36,5.7141
110991,5.8868681523,1.0195373941,3.77,15.35,3.52,4.2767
110992,5.8868654311,0.4671061186,2.6,26.49,-4.11,5.9534
110997,5.8872976637,-0.7591406325,10.54,25.72,-3.32,4.1394
111022,5.8884371236,0.8326423929,1.98,-0.37,-3.33,4.428
111043,5.8894277843,-0.7635680664,9.88,-14.08,2.57,4.1414
111056,5.8899748518,1.3757442174,13.31,3.68,-21.29,5.4933
111062,5.8903370326,0.0773539892,19.28,-21.26,-150.4,5.5934
111068,5.8906165967,0.5685003798,9.05,31.87,-13.4,5.6334
111104,5.8926141911,0.7526451369,1.9,-1.98,-5.36,4.4912
111123,5.8933089527,-0.1863642637,11.26,0.3,-26.87,4.8253
111169,5.8961131509,0.8775943054,31.79,137.51,17.01,3.782
111188,5.8970522677,-0.5645446875,22.84,59.12,-18.83,4.3003
111196,5.8976004578,-1.5004142135,10.06,-37.08,61.28,5.9251
111242,5.900396415,1.3304028501,4.15,-19.62,-11.47,5.7143
111259,5.9011308859,0.6942876985,4.77,3.86,-9.71,5.9353
111310,5.9035771139,-1.0817912497,11.24,40.07,-20.17,4.9252
111362,5.9065262858,0.9882863593,9.47,78.59,41.89,5.8826
111449,5.9109573908,-0.3614203273,44.09,220.78,-146.76,5.3105
111497,5.9138539234,-0.0020483403,19.43,89.74,-55.81,4.0159
111532,5.9156318075,1.2853150419,18.22,173.43,24.36,5.1679
111546,5.9161050695,0.6917497516,1.51,0.04,-5.2,5.6818
111600,5.9192455677,-0.5526356982,9.12,-41.75,-39.41,5.9843
111643,5.9209436626,-0.7084442409,15.19,44.56,-70.07,5.8877
111660,5.9219649072,1.3154859301,4.67,44.26,7.12,5.8915
111674,5.9226632524,0.8996364914,19,-51.83,-103.8,4.7078
111710,5.9243325947,-0.0737883842,15.25,-69.23,-119.67,5.2036
111795,5.9281465918,0.9912721473,7.23,52.36,-31.39,5.117
111797,5.9282329436,1.1097592504,11.36,-1.89,-19.75,5.2206
111809,5.9291353419,-0.5773790562,7.7,4.31,14.28,5.6829
111841,5.9308963338,0.6815560128,1.89,-0.32,-5.46,4.8135
111944,5.9363580132,0.7727668788,9.8,93.83,10.71,4.6569
111954,5.9369792909,-0.4720001247,6.7,23.22,-0.16,4.1591
111974,5.9379386863,0.2539255132,29.59,271.24,123.39,5.8645
112029,5.9404953522,0.189043435,15.96,77.22,-11.38,3.3887
112031,5.9405663792,0.7020667734,2.43,-1.59,-5.33,5.2003
112051,5.9417850629,0.5115156651,10.92,-0.06,-21.46,4.8053
112122,5.9457502519,-0.8182900416,18.43,135.16,-4.38,2.0699
112158,5.947218774,0.527461319,15.22,13.16,-25.67,3.0897
112203,5.9493888101,-0.7228127219,14.16,10.11,-93.79,5.0001
112211,5.9497730692,-0.32865086,7.53,-31.73,-28.54,4.8257
112242,5.9519716688,0.7298832024,12.71,-8.43,3.04,5.2724
112374,5.9586887505,-0.9337539969,7.86,30.59,17.37,5.0034
112381,5.9589036862,-0.8124036387,4.14,-30.17,-11.8,5.6708
112405,5.9605701466,-1.4203771718,21.85,-54.49,1.16,4.1964
112417,5.9610342726,0.7774739597,17.57,142.9,31.82,5.9267
112440,5.9626150389,0.4112986917,8.93,55.75,-10.15,4.132
112447,5.9633131013,0.212477846,61.36,234.18,-493.29,4.3058
112519,5.9667678285,1.4513061239,10.41,24.6,47.08,4.9246
112529,5.9670761776,-0.3423092365,12.84,-103.36,-206.11,5.4042
112542,5.9677716531,-0.2453305585,10.27,30.61,-9.23,5.6869
112590,5.9698308572,0.653047094,9.68,-42.8,-63.7,5.9819
112623,5.971440205,-0.8956454387,25.3,108.43,-64.83,3.519
112716,5.9759717102,-0.2372345337,10.27,-13.71,-39.03,4.1494
112724,5.9763645834,1.1554203705,28.29,-65.89,-125.17,3.6704
112731,5.9767512044,0.9756859054,8.21,82.84,38.28,5.5956
112748,5.9777599832,0.4293803987,30.74,144.7,-41.87,3.6685
112778,5.9793357307,0.7322250145,2.87,7.96,-3.73,5.939
112781,5.9794068297,-1.3984243737,6.62,20.01,-12.15,5.2851
112832,5.9822720517,-0.6834153948,4.22,17.82,-7.81,5.5622
112864,5.9837528711,1.0768094849,13.75,98.08,40.54,5.7603
112917,5.9866209421,0.755943378,10.03,108.54,20.78,5.0542
112935,5.9882076821,0.1716628567,36.66,521.04,42.65,5.2642
112948,5.988774287,-0.5737848471,15.14,-32.73,-21.21,4.4671
112961,5.9891601885,-0.1322903488,8.47,17.02,33.03,3.8072
113031,5.9929291314,-0.2027465022,3.95,20.81,1.69,5.7735
113048,5.9937630835,0.781020901,17.57,-3.32,-14.62,5.8442
113084,5.9957085458,0.7047087394,10.73,97.02,28.16,5.9826
113116,5.996979257,1.4721174825,9.17,98.64,23.89,4.8398
113136,5.9980450016,-0.2761243435,20.31,-42.6,-27.89,3.2964
113148,5.9985224501,-0.2839954726,24.28,-219.73,-87.78,5.697
113184,6.0003651855,-0.0870548911,11.99,29.88,-10.78,5.8916
113186,6.0005600986,0.1538698937,10.45,80.57,28.5,4.9155
113222,6.0028049415,0.634451508,5.23,19.5,-1.66,5.722
113246,6.0037066048,-0.5679249405,21.16,11.98,33.64,4.3677
113281,6.0056511186,0.7261247984,2.56,-1.66,-5.38,5.5503
113288,6.0058232992,0.8680142117,2.04,-0.48,-3.43,5.0835
113307,6.0074103463,-0.8372209314,13.4,-25.18,2.07,5.7836
113327,6.0086227515,0.8496975104,3.97,9.43,-4.86,5.3058
113357,6.0103213127,0.3624819209,64.07,207.25,60.34,5.5865
113503,6.0178805513,0.2047086343,10.6,27.16,-40.2,5.8372
113521,6.0190153682,0.0168091151,10.91,86.9,-69.25,5.5933
113532,6.01962333,-0.5142145498,10.44,-7.97,4.3,5.5777
113561,6.0217570846,0.9938843993,0.73,-2.24,-2.6,5.234
113562,6.0218052421,-0.4391944196,4.75,36.66,-78.76,5.8239
113638,6.0252310587,-0.9207328357,29.96,-63.96,-11.53,4.2774
113657,6.0262944051,-0.8892457627,6.68,87.34,-0.84,5.8223
113669,6.0271562283,-0.503595704,6.1,56.72,-22.35,5.7046
113726,6.029766878,0.7387276989,4.75,22.99,0.88,3.6041
113788,6.0327550643,0.7462644973,7.74,56.38,-4.47,5.1243
113860,6.0366403027,-0.6064952305,33.99,71.46,84.55,5.2013
113864,6.0368646785,1.1730215616,7.89,22.25,9.78,5.4022
113881,6.0378453479,0.4901312897,16.64,187.65,136.93,2.4861
113889,6.0383015499,0.0666728011,7.99,11.76,-9.85,4.4527
113902,6.0388122721,-0.7239456777,10.49,11.86,55.44,5.9614
113919,6.0396269152,0.8735666786,18.46,166.04,166.94,4.8088
113957,6.0417168832,-0.9418607702,8.96,57.74,-106.1,5.5022
113963,6.042156569,0.2653837274,24.46,60.4,-41.3,2.4784
113969,6.0426315446,-1.2011422166,18.71,44.29,62.65,5.6161
113996,6.0439090141,-0.1342824694,15.57,122.41,7.11,5.5152
114104,6.0502427495,1.037070534,2.89,6.94,-1.95,4.8322
114119,6.0505334503,-0.4143955567,15.08,58.86,-1.74,4.6304
114131,6.0514032851,-0.7595729516,24.73,-47.17,-13.49,4.3881
114132,6.0514637463,-0.6787988069,11.45,34.31,6.4,5.6263
114144,6.0519477877,0.1642271509,9.92,6.41,-12.71,4.6352
114155,6.0524192628,0.4445063797,5.51,-0.03,-33.07,4.9146
114167,6.0530059452,-0.8846484846,21.88,-32.78,-24.94,5.921
114200,6.0547855284,0.8096111831,9.35,-12.34,-31.01,5.4468
114210,6.0552197043,0.860367995,29.12,152.39,131.72,5.7821
114222,6.0558443925,1.3157615108,13.22,6.81,-34.06,4.5417
114254,6.0578266669,-0.5030661658,12.13,-43.86,-53.81,5.7612
114273,6.0592625651,0.0371339442,12.27,139.87,109.64,5.5777
114341,6.0626020265,-0.3695295838,12.05,55.4,30.49,3.8484
114347,6.0629432893,0.1514452186,4.17,4.28,-6.29,5.0336
114365,6.0638656726,1.0355507812,1.87,0.12,0.88,5.762
114375,6.0646465792,-0.391958935,6.47,32.61,-9.76,4.8351
114382,6.0648475805,-0.7480685242,29.93,-349.74,-51.1,5.9361
114389,6.0651261201,0.1714280053,4.03,-17.38,-8.12,5.3743
114407,6.0657259312,-0.7084541992,3.55,21.34,-44.75,5.9191
114421,6.0665774222,-0.7897029762,17.8,132.5,-26.66,4.0494
114449,6.0681187063,0.3070808746,6.43,24.18,-28.13,5.8326
114520,6.0725964119,0.1521949407,13.46,-7.81,-7.23,5.1992
114570,6.0761400185,0.8622969308,40.67,90.23,95.56,4.6066
114622,6.0791813093,0.997763516,152.76,2075.07,295.45,5.6989
114724,6.0838783476,-0.1055667167,16.14,43.12,-194.45,4.3152
114745,6.0851643621,1.2955798029,7.2,41.75,6.55,5.8967
114775,6.0867292162,-0.7174197754,13.06,109.23,-111.98,5.941
114822,6.0893275823,-0.0610232114,14.04,-13.04,-1.95,5.5869
114831,6.0895779434,1.2372304876,8.6,17.72,-1.7,5.6194
114855,6.0907101767,-0.1586102111,21.77,368.78,-17.16,4.409
114924,6.0942675491,0.9287603802,48.77,111.87,-236.51,5.7005
114939,6.0949043109,-0.1348522775,5.32,-19.18,-14.1,4.9429
114948,6.0953783069,-1.0821239382,48.69,175.24,-27.24,5.7592
114971,6.0962528019,0.0572859845,23.64,759.82,17.77,3.8482
114996,6.0974395084,-1.0164086771,43.37,-35.83,81.16,4.0856
115022,6.098807012,0.855478073,5.79,34.55,7.17,4.8813
115033,6.0995042095,-0.1602646896,8.12,17.13,-11.7,4.3607
115054,6.1006374032,-0.7125143203,28.24,126.28,-123.5,5.638
115088,6.1026460409,1.1887685048,16.06,54.33,10.11,4.904
115102,6.1035201566,-0.5677876466,17.9,20.13,-77.72,4.5777
115115,6.1041182308,-0.1677389052,12.47,43.33,-8.3,4.9983
115126,6.1047623911,-0.2348941579,47.35,267.23,-46.21,5.2453
115142,6.1060241773,-0.0894359545,29.27,201.39,-18.13,5.6553
115152,6.1064553015,0.8486697695,11.4,23.14,52.29,5.6074
115191,6.1080983253,0.7344002349,6.78,47.38,4.18,5.9288
115227,6.1101458867,0.0939240513,7.54,78.47,-60,5.217
115250,6.1114320452,0.4143474338,20.17,29.45,-9.53,4.6423
115271,6.1122524453,0.5308434298,7.77,78.16,-68.5,5.6994
115280,6.1125189158,0.6664099003,23.83,129.01,-61.14,5.8709
115312,6.1141436945,-0.4710074959,9.87,-19.37,-11.6,5.8058
115355,6.1170100379,0.5552325403,3.93,9.96,-7.18,5.3186
115395,6.1197442878,1.0495273809,1.9,6.79,-1.35,5.6662
115404,6.1202224937,-0.2624867019,15.3,117,16.48,5.2594
115438,6.1216188254,-0.350817203,19.96,-121.28,-97.59,4.118
115444,6.1220737501,0.214919004,8.4,19.14,-19.41,5.246
115537,6.1270684224,-0.9056702773,5.54,24.68,-37.11,5.8568
115590,6.1297597366,1.0870405974,4.15,12.29,-12.44,5.0493
115591,6.1298014747,0.5652226952,6.89,16.14,2.7,5.5421
115620,6.1318779634,-0.992201094,11.23,84.53,-20.69,5.7631
115623,6.132116977,0.4084770741,19.14,192.19,36.12,4.5524
115669,6.1350371989,-0.3602684455,11.51,-50.72,-64.22,4.5083
115713,6.1374898926,-0.9201710768,32.5,34.52,130.66,5.6197
115738,6.1388978678,0.0219184994,21.25,86.68,-94.29,4.9527
115746,6.1391897967,1.5238025842,9.79,75.14,20.28,5.6313
115755,6.1397287568,0.748955139,10.87,87.05,16.54,5.7524
115769,6.1402816734,-1.0206035955,10.38,52.45,69.65,5.7961
115770,6.1403896047,1.2280100544,15.3,122.08,-4.37,5.6535
115806,6.1421313586,0.4392534482,9.04,27.42,-36.53,5.972
115830,6.1434257276,0.1113362511,21.96,-123.58,-43.23,4.4401
115836,6.1438183033,-1.5268531572,6.71,16.83,11.56,5.6572
115908,6.1479899339,-1.1014881591,8.44,39.24,-13.34,5.6111
115919,6.1485957151,0.2227126163,18.65,61.4,24.82,4.7026
115990,6.1524251997,1.0218712516,5.25,17.9,4.15,4.8479
116076,6.1578995755,0.6848043963,12.63,286.72,-84.22,5.3841
116231,6.1652438184,-0.6600548805,18.74,95.97,38.29,4.3517
116247,6.1665845961,-0.3650273203,11.11,-3.41,8.46,4.7145
116250,6.16679697,-1.3506288298,31.81,15.97,1.33,5.9516
116264,6.1674181826,0.39267844,6.27,9.92,-16.89,5.3007
116310,6.1695318818,0.5467300052,5.94,50.81,-17.46,5.1219
116323,6.1703900992,-0.0217735871,15.4,108.57,-12.82,5.9767
116354,6.1724696725,0.7022603156,12.45,-17.74,-46.69,5.6017
116355,6.1725173695,0.5846377535,11.24,-4.82,21.04,5.7939
116380,6.1740317229,1.2503896397,1.55,6.08,-1.88,5.9673
116389,6.1744317057,-0.7437738266,13.11,42.31,10.67,4.7331
116495,6.1801633831,0.0366880631,32.28,-104.35,60.61,5.7848
116582,6.1851582499,0.7754329469,4.04,14.2,-17.63,5.7926
116584,6.1852801691,0.81086559,37.87,159.31,-422.38,3.9695
116591,6.1857042366,-0.2279453391,12.21,34.33,27.04,5.8226
116602,6.1865329977,-0.7939907897,16.29,70.71,-12.66,4.7715
116611,6.1869575113,0.3211514789,14.01,48.85,17.37,5.5029
116631,6.1877870033,0.7551703882,6.53,27.64,-1.02,4.264
116709,6.1921625614,0.8808979945,7.74,-16.7,-1.87,5.3393
116714,6.1922943662,1.3141081104,12.64,6.55,12.8,5.9967
116727,6.1930813863,1.354933423,70.91,-47.96,126.59,3.3767
116758,6.1949761445,-0.2482214696,22.94,51.25,-55.35,5.0456
116771,6.1956876108,0.0982158586,72.92,377.15,-437.43,4.2373
116805,6.197696302,0.7737738838,19.37,80.73,-18.7,4.1257
116820,6.1986976974,-0.5597793635,11.18,-91.3,-53.29,5.4652
116889,6.2027920847,-0.3146287804,4.31,-41.25,-71.85,5.4718
116901,6.2036126499,-0.3109571642,3.89,14.18,0.94,4.9696
116918,6.2044059553,0.1265476441,10.06,-27.44,-41.07,5.9373
116928,6.2048550622,0.031074147,30.59,-129.7,-154.8,4.5578
116957,6.2066681392,-0.2696180388,12.08,16.19,-21.92,5.4193
116971,6.2077932573,-0.2538536407,21.96,99.28,-66.32,4.4801
117020,6.2106346259,0.1803188378,5.27,3.83,11.09,5.1767
117073,6.2133312684,0.5124557658,14.54,71.1,-40.58,5.0892
117088,6.2142466899,-1.124071192,4.48,15.4,34.38,5.8698
117089,6.2142493251,-0.3189925817,8.61,27.23,-2.94,5.2227
117125,6.2163306237,-1.37517013,6.73,55.6,0.65,5.9113
117218,6.2221600365,-0.3259990269,13.66,130.33,10.84,5.3591
117221,6.2222470603,0.8101869164,3.25,9.07,-7.83,5.1394
117245,6.2238104251,0.0608573944,3.63,-33.68,-24.49,4.9586
117265,6.2247695158,1.1655701695,2.19,8.71,-3.59,5.9362
117299,6.2266013358,1.0027156847,2.03,4.1,-7.71,5.6564
117301,6.2267083902,1.0236679233,18.75,60.81,56.47,5.0475
117314,6.2276213922,-0.2078844052,10.69,-49.28,-93.62,5.9067
117315,6.2276247578,-0.8766161221,5.4,8.98,-23.22,5.119
117371,6.2304434755,1.1834521351,10.76,15.43,-2.08,5.0602
117375,6.2305699331,-0.0481992042,10.3,95.6,5.54,5.6538
117447,6.2344742573,1.0858482138,0.53,-3.57,-1.57,5.5888
117452,6.2348600418,-0.4909613744,23.73,100.8,-105.34,4.5866
117491,6.2371868394,0.0187831558,10.74,-1.24,-27.07,5.8254
117567,6.2419710247,-0.2513525139,7.17,37.47,-22.05,5.8249
117628,6.2454610698,0.1625514122,3.86,-9.87,-64,5.8504
117629,6.2454659628,-0.3300270056,10.23,26.82,-4.27,5.1307
117683,6.2481209309,0.0511454669,4.36,16.51,-13.86,5.7087
117689,6.2487655028,-1.4314975452,12.3,-48.74,-21.16,5.2657
117718,6.2504089044,0.3337134085,7.05,-7.27,-35.4,5.133
117730,6.2509780044,0.1910669251,17.85,-20.84,-2.32,5.3638
117756,6.2519506299,-0.1570220127,5.29,62.7,-24.41,5.9224
117863,6.2586806895,1.0035536826,0.28,-4.48,-3.73,4.6682
117887,6.2603976549,0.0019084161,5.12,-39.57,-13.77,5.7395
118077,6.2707130322,0.9722484905,14.09,-21.3,-12.3,5.6774
118092,6.2715337863,-1.0988001655,15.14,85.95,12.36,5.9925
118114,6.272494349,-1.4341325687,10.69,-26.42,-25.31,5.8895
118121,6.2726385563,-1.1222132437,21.08,79.12,-60.8,5.0241
118131,6.273407792,0.4388015877,6.85,-35.24,-31.6,4.6918
118209,6.277397393,-0.0620605495,13.91,-57.13,-72.08,5.0432
118234,6.2785109885,-0.9205906043,11.35,58.33,61.23,5.2972
118243,6.278860509,0.973107291,0.72,8.14,-5.01,4.8696
118268,6.2801747815,0.1197923082,31.26,150.35,-112.12,4.1219
118277,6.2808510506,-0.5146130007,4.42,-7.31,-5.33,5.7064
118281,6.2809552132,0.5885971598,34.57,-59.68,-113.19,5.9232
118322,6.2828151515,-1.1445359189,8.74,47.93,-22.95,4.4758
